mapping_row_id,wind_name,wind_code,industry_code,function_type,calculation_type,ValueChain_type,mapping_status,uqer_indic_id,uqer_name,uqer_frequency,uqer_unit,uqer_stat_type,uqer_region,uqer_source,uqer_api,uqer_begin_date,uqer_end_date,uqer_is_update,candidate_score,review_note
1,全球:现货价:原油(英国布伦特Dtd),S5111905,801960,价格,原始值,上游,当前元数据检索未找到可信候选,,,,,,,,,,,,,未写更新时间不代表每日更新；当前只能按未知处理
2,美国:现货价:WTI原油,S5112412,801960,价格,原始值,上游,可直接建立字段对应,2020701056,现货价:WTI:原油,日,美元/桶,当期值,,Datayes!,getEcoDataIndEnergy,2019-06-24,2026-07-02,1.0,0.921667,名称及核心口径词一致；仍建议抽样核对数值和来源
3,欧佩克:产量:原油,S5105044,801960,产量,当期值,上游,当前元数据检索未找到可信候选,,,,,,,,,,,,,未写更新时间不代表每日更新；当前只能按未知处理
4,原油运输指数（BDTI）,S0031553,801960,运输/流通,指数,宏观,当前元数据检索未找到可信候选,,,,,,,,,,,,,未写更新时间不代表每日更新；当前只能按未知处理
5,中国:表观消费量:天然气:累计值,S5446811,801960,需求,累计值,下游,可直接建立字段对应,2030700054,表观消费量:天然气:累计值,月,亿立方米,累计值,全国,Datayes!,getEcoDataIndChemical,2019-02-28,2026-06-30,1.0,0.964091,名称及核心口径词一致；仍建议抽样核对数值和来源
6,中国:市场价:液化天然气,S5914475,801960,价格,原始值,中游,可直接建立字段对应,2020701043,市场价:液化天然气,月,元/吨,当期值,全国,Datayes!,getEcoDataIndEnergy,2018-07-31,2026-06-30,1.0,0.921667,名称及核心口径词一致；仍建议抽样核对数值和来源
7,中国:产量:天然气:当月值,S0027039,801960,产量,当期值,上游,可直接建立字段对应,1020001547,产量:天然气:当月值,月,亿立方米,当期值,全国,国家统计局,getEcoDataChina,1986-02-28,2026-06-30,1.0,0.921667,名称及核心口径词一致；仍建议抽样核对数值和来源
8,美国:钻机数量,S5140384,801960,产量,当期值,上游,当前元数据检索未找到可信候选,,,,,,,,,,,,,未写更新时间不代表每日更新；当前只能按未知处理
9,中海油服:钻井服务日历天使用率,S0235576,801960,开工率,比率,上游,当前元数据检索未找到可信候选,2020709395,中海油服:日历天使用率:钻井服务:累计值,季,%,累计值,,上市公司公告,getEcoDataIndEnergy,2007-09-30,2024-03-31,1.0,0.633548,未写更新时间不代表每日更新；当前只能按未知处理
10,"秦皇岛港:平仓价:动力末煤(Q5500,山西产)",S5101377,801950,价格,原始值,下游,当前元数据检索未找到可信候选,2020000052,[停]平仓价:动力煤(Q5500):秦皇岛港:山西优混煤,日,元/吨,当期值,,我的钢铁网,getEcoDataIndEnergy,2006-01-01,2022-05-09,0.0,0.564706,未写更新时间不代表每日更新；当前只能按未知处理
11,现货离岸价(FOB):动力煤:澳大利亚纽卡斯尔/肯布拉港,S0048348,801950,价格,原始值,下游,当前元数据检索未找到可信候选,2020000056,[停]离岸价(FOB):动力煤:澳大利亚纽卡斯尔港NEWC Index,日,美元/吨,当期值,,我的钢铁网,getEcoDataIndEnergy,2008-07-25,2022-05-09,0.0,0.693143,未写更新时间不代表每日更新；当前只能按未知处理
12,中国:全社会用电量:当月同比,S5100122,801950,需求,同比,下游,可直接建立字段对应,2020101529,全社会用电量:当月同比,月,%,当期同比,全国,能源局,getEcoDataIndEnergy,2009-07-31,2026-06-30,1.0,0.952727,名称及核心口径词一致；仍建议抽样核对数值和来源
13,中国:产量:原煤:当月同比,S0026990,801950,产量,同比,上游,可直接建立字段对应,2020100021,产量:原煤:当月同比,月,%,当期同比,全国,国家统计局,getEcoDataIndEnergy,1995-01-31,2026-06-30,1.0,0.921667,名称及核心口径词一致；仍建议抽样核对数值和来源
14,山西:平均价:主焦煤,S5132022,801950,价格,原始值,上游,当前元数据检索未找到可信候选,2020000673,[停]中国太原煤炭交易价格指数(CTPI):加权平均价:主焦煤:S≤1,周,元/吨,当期值,太原市,太原煤炭交易中心,getEcoDataIndEnergy,2013-05-23,2016-07-11,0.0,0.472549,未写更新时间不代表每日更新；当前只能按未知处理
15,中国:库存量:炼焦煤:国内独立焦化厂(230家),S5133418,801950,库存,当期值,中游,需审核候选,2020761919,库存量:炼焦煤:国内独立焦化厂(230家):合计,周,万吨,当期值,全国,Datayes!,getEcoDataIndEnergy,2016-06-24,2026-08-07,1.0,0.886068,候选仅由名称召回；必须核对统计对象、口径、频率、单位、地区和来源
16,期货结算价(活跃合约):焦炭,S0181380,801950,价格,原始值,中游,当前元数据检索未找到可信候选,2130700003,期货结算价(活跃):纸浆,日,元/吨,当期值,全国,上海期货交易所,getEcoDataIndLightmanufactue,2018-11-27,2026-08-07,1.0,0.630635,未写更新时间不代表每日更新；当前只能按未知处理
17,中国:成本:焦炭,S9985264,801950,盈利,原始值,中游,当前元数据检索未找到可信候选,,,,,,,,,,,,,未写更新时间不代表每日更新；当前只能按未知处理
18,中国:库存量:焦炭:国内样本钢厂(247家),S5133852,801950,库存,当期值,中游,当前元数据检索未找到可信候选,,,,,,,,,,,,,未写更新时间不代表每日更新；当前只能按未知处理
19,期货官方价:LME3个月铝,S5808576,801050,价格,原始值,下游,当前元数据检索未找到可信候选,,,,,,,,,,,,,未写更新时间不代表每日更新；当前只能按未知处理
20,期货官方价:LME3个月铜,S5808575,801050,价格,原始值,下游,当前元数据检索未找到可信候选,,,,,,,,,,,,,未写更新时间不代表每日更新；当前只能按未知处理
21,库存期货:铜:上海,S0163601,801050,库存,当期值,下游,当前元数据检索未找到可信候选,,,,,,,,,,,,,未写更新时间不代表每日更新；当前只能按未知处理
22,期货官方价:LME3个月锡,S5808578,801050,价格,原始值,下游,当前元数据检索未找到可信候选,,,,,,,,,,,,,未写更新时间不代表每日更新；当前只能按未知处理
23,中国:产能:电解铝:当月值,S9986545,801050,产量,当期值,中游,当前元数据检索未找到可信候选,1020008684,产量:原铝(电解铝):当月值,月,万吨,当期值,全国,国家统计局,getEcoDataChina,2002-04-30,2026-06-30,1.0,0.56,未写更新时间不代表每日更新；当前只能按未知处理
24,中国:产能利用率:电解铝,S5811159,801050,开工率,比率,中游,当前元数据检索未找到可信候选,3010701874,美国:产能利用率:季调,月,%,季调,美国,美联储,getEcoDataGlobeUsa,1967-01-31,2026-06-30,1.0,0.553759,未写更新时间不代表每日更新；当前只能按未知处理
25,中国:开工率:铜:电解铜,S9987943,801050,开工率,比率,中游,当前元数据检索未找到可信候选,,,,,,,,,,,,,未写更新时间不代表每日更新；当前只能按未知处理
26,LME:库存量:铜:全球,S0164318,801050,库存,当期值,下游,当前元数据检索未找到可信候选,,,,,,,,,,,,,未写更新时间不代表每日更新；当前只能按未知处理
27,COMEX:库存量:铜,S0114144,801050,库存,当期值,下游,当前元数据检索未找到可信候选,,,,,,,,,,,,,未写更新时间不代表每日更新；当前只能按未知处理
28,中国:现货精炼费(RC):铜冶炼厂,S5800706,801050,盈利,原始值,中游,当前元数据检索未找到可信候选,,,,,,,,,,,,,未写更新时间不代表每日更新；当前只能按未知处理
29,中国:制造业PMI,M0017126,801050,情绪/预期,指数,宏观,可直接建立字段对应,1030000011,制造业PMI,月,%,当期值,全国,国家统计局,getEcoDataChina,2005-01-31,2026-07-31,1.0,0.870476,名称及核心口径词一致；仍建议抽样核对数值和来源
30,期货收盘价(活跃合约)COMEX黄金,S0180903,801050,价格,原始值,下游,当前元数据检索未找到可信候选,,,,,,,,,,,,,未写更新时间不代表每日更新；当前只能按未知处理
31,美国:国债到期收益率:10年,M1001791,801050,价格,比率,宏观,当前元数据检索未找到可信候选,3080000098,德国:国债收益率:10年,日,%,当期值,德国,德国央行,getEcoDataGlobeRest,1972-10-31,2026-08-06,1.0,0.620455,未写更新时间不代表每日更新；当前只能按未知处理
32,美元指数,M0000271,801050,价格,指数,宏观,可直接建立字段对应,3010000345,美元指数,日,1973年3月=100,当期值,美国,Datayes!,getEcoDataGlobeUsa,1971-01-04,2026-08-07,1.0,1.08,名称及核心口径词一致；仍建议抽样核对数值和来源
33,全球央行:售金/购金量,S0116174,801050,需求,当期值,下游,当前元数据检索未找到可信候选,,,,,,,,,,,,,未写更新时间不代表每日更新；当前只能按未知处理
34,期货收盘价(活跃合约):COMEX迷你自银,S0180914,801050,价格,原始值,下游,当前元数据检索未找到可信候选,,,,,,,,,,,,,未写更新时间不代表每日更新；当前只能按未知处理
35,"中国:最低价:氧化镨钕(≥99%,Nd203 75%)",S5809362,801050,价格,原始值,中游,当前元数据检索未找到可信候选,,,,,,,,,,,,,未写更新时间不代表每日更新；当前只能按未知处理
36,中国:最低价:氧化铽(≥99.9%),S5809349,801050,价格,原始值,中游,当前元数据检索未找到可信候选,,,,,,,,,,,,,未写更新时间不代表每日更新；当前只能按未知处理
37,江西:价格:钨精矿(65%),S5705619,801050,价格,原始值,中游,当前元数据检索未找到可信候选,,,,,,,,,,,,,未写更新时间不代表每日更新；当前只能按未知处理
38,洛南:价格:钼精矿(Mo47%),S5716018,801050,价格,原始值,中游,当前元数据检索未找到可信候选,,,,,,,,,,,,,未写更新时间不代表每日更新；当前只能按未知处理
39,"中国:价格:碳酸锂(99.5%电,国产)",S5811336,801050,价格,原始值,中游,当前元数据检索未找到可信候选,,,,,,,,,,,,,未写更新时间不代表每日更新；当前只能按未知处理
40,中国:市场价:钴(≥99.8%),S5811386,801050,价格,原始值,中游,当前元数据检索未找到可信候选,,,,,,,,,,,,,未写更新时间不代表每日更新；当前只能按未知处理
41,中国:工厂库存量:电解钴,S9985940,801050,库存,当期值,中游,当前元数据检索未找到可信候选,,,,,,,,,,,,,未写更新时间不代表每日更新；当前只能按未知处理
42,富宝:中国:产量:动力电池,U8260562,801050,产量,当期值,下游,当前元数据检索未找到可信候选,,,,,,,,,,,,,未写更新时间不代表每日更新；当前只能按未知处理
43,中国:开工率:烯烃,S5469763,801030,开工率,比率,中游,当前元数据检索未找到可信候选,,,,,,,,,,,,,未写更新时间不代表每日更新；当前只能按未知处理
44,中国:库存量(石化):聚烯烃,S5475033,801030,库存,当期值,中游,当前元数据检索未找到可信候选,,,,,,,,,,,,,未写更新时间不代表每日更新；当前只能按未知处理
45,中国:现货价:钛白粉(金红石型),S5470446,801030,价格,原始值,中游,当前元数据检索未找到可信候选,2030725762,市场价:钛白粉(金红石型(R2型)),月,元/吨,当期值,全国,Datayes!,getEcoDataIndChemical,2018-07-31,2026-06-30,1.0,0.601091,未写更新时间不代表每日更新；当前只能按未知处理
46,中国:华东地区:市场价(平均价):重质纯碱,S5442125,801030,价格,原始值,中游,当前元数据检索未找到可信候选,,,,,,,,,,,,,未写更新时间不代表每日更新；当前只能按未知处理
47,中国:开工率:纯碱,S5479784,801030,开工率,比率,中游,当前元数据检索未找到可信候选,,,,,,,,,,,,,未写更新时间不代表每日更新；当前只能按未知处理
48,期货结算价(活跃合约):PVC,S0181365,801030,价格,原始值,中游,当前元数据检索未找到可信候选,2130700003,期货结算价(活跃):纸浆,日,元/吨,当期值,全国,上海期货交易所,getEcoDataIndLightmanufactue,2018-11-27,2026-08-07,1.0,0.592857,未写更新时间不代表每日更新；当前只能按未知处理
49,中国:社会库存量:聚氯乙烯,S5471265,801030,库存,当期值,中游,当前元数据检索未找到可信候选,2030742179,潞化科技:库存量:聚氯乙烯:期末值,年,吨,期末值,,上市公司公告,getEcoDataIndChemical,2015-12-31,2025-12-31,1.0,0.529111,未写更新时间不代表每日更新；当前只能按未知处理
50,中国:开工率:聚氯乙烯,S5475834,801030,开工率,比率,中游,当前元数据检索未找到可信候选,,,,,,,,,,,,,未写更新时间不代表每日更新；当前只能按未知处理
51,中国:表观消费量:聚氯乙烯:当月值,S9987579,801030,需求,当期值,下游,当前元数据检索未找到可信候选,2030710578,出口数量:聚氯乙烯:当月值:新疆,月,吨,当期值,新疆维吾尔自治区,Datayes!,getEcoDataIndChemical,2019-01-31,2026-06-30,1.0,0.536869,未写更新时间不代表每日更新；当前只能按未知处理
52,中国:参考价:纯MDI,S9984988,801030,价格,原始值,中游,当前元数据检索未找到可信候选,,,,,,,,,,,,,未写更新时间不代表每日更新；当前只能按未知处理
53,中国:开工率:聚氨酯:纯MDI,S9987324,801030,开工率,比率,中游,当前元数据检索未找到可信候选,,,,,,,,,,,,,未写更新时间不代表每日更新；当前只能按未知处理
54,中国:表观消费量:有机硅:中间体:当月值,S9987604,801030,需求,当期值,下游,当前元数据检索未找到可信候选,,,,,,,,,,,,,未写更新时间不代表每日更新；当前只能按未知处理
55,中国:工厂库存量:有机硅:中间体,S9985740,801030,库存,当期值,中游,当前元数据检索未找到可信候选,,,,,,,,,,,,,未写更新时间不代表每日更新；当前只能按未知处理
56,"中国:价格:金属硅(3303#,云南,福建)",S5801727,801030,价格,原始值,上游,当前元数据检索未找到可信候选,,,,,,,,,,,,,未写更新时间不代表每日更新；当前只能按未知处理
57,中国:库存天数:精对苯二甲酸:生产企业,S5446169,801030,库存,当期值,中游,当前元数据检索未找到可信候选,,,,,,,,,,,,,未写更新时间不代表每日更新；当前只能按未知处理
58,中国:现货价:精对苯二甲酸,S5470301,801030,价格,原始值,中游,当前元数据检索未找到可信候选,2030725832,市场价:精对苯二甲酸(优等品),月,元/吨,当期值,全国,Datayes!,getEcoDataIndChemical,2018-07-31,2026-06-30,1.0,0.560386,未写更新时间不代表每日更新；当前只能按未知处理
59,中国:开工率:精对苯二甲酸装置:当周值,S5474445,801030,开工率,当期值,中游,当前元数据检索未找到可信候选,,,,,,,,,,,,,未写更新时间不代表每日更新；当前只能按未知处理
60,中国:库存天数:涤纶长丝(POY):江浙织机,S5428996,801030,库存,当期值,下游,当前元数据检索未找到可信候选,,,,,,,,,,,,,未写更新时间不代表每日更新；当前只能按未知处理
61,中国:江浙地区:开工率:涤纶长丝,S5446172,801030,开工率,比率,中游,当前元数据检索未找到可信候选,,,,,,,,,,,,,未写更新时间不代表每日更新；当前只能按未知处理
62,中国:华东地区:市场价(平均价):涤纶长丝(POY150D/48F),S5442372,801030,价格,原始值,中游,当前元数据检索未找到可信候选,2030725912,市场价:涤纶长丝(POY150D/48),月,元/吨,当期值,全国,Datayes!,getEcoDataIndChemical,2018-07-31,2026-06-30,1.0,0.685119,未写更新时间不代表每日更新；当前只能按未知处理
63,库存小计:天然橡胶,S0049508,801030,库存,当期值,上游,需审核候选,2010300204,库存小计:天然橡胶:总计,周,吨,当期值,,上海期货交易所,getEcoDataIndAgricultural,2011-01-07,2026-07-31,1.0,0.996667,候选仅由名称召回；必须核对统计对象、口径、频率、单位、地区和来源
64,期货结算价(活跃合约):天然橡胶,S0181388,801030,价格,原始值,上游,当前元数据检索未找到可信候选,2130700003,期货结算价(活跃):纸浆,日,元/吨,当期值,全国,上海期货交易所,getEcoDataIndLightmanufactue,2018-11-27,2026-08-07,1.0,0.561039,未写更新时间不代表每日更新；当前只能按未知处理
65,中国:参考价:尿素,K7230253,801030,价格,原始值,中游,当前元数据检索未找到可信候选,,,,,,,,,,,,,未写更新时间不代表每日更新；当前只能按未知处理
66,中国:现货价:钾肥,S5470454,801030,价格,原始值,中游,当前元数据检索未找到可信候选,,,,,,,,,,,,,未写更新时间不代表每日更新；当前只能按未知处理
67,中国:库存量:钾肥:主要港口,S5444348,801030,库存,当期值,中游,当前元数据检索未找到可信候选,,,,,,,,,,,,,未写更新时间不代表每日更新；当前只能按未知处理
68,中国:价格:除草剂:草甘膦原药(实物95%),J3084583,801030,价格,原始值,中游,需审核候选,2030782726,中农立华原药价格:除草剂:草甘膦原药(实物95%),周,万元/吨,当期值,中国,中农立华生物科技股份有限公司,getEcoDataIndChemical,2017-07-02,2026-08-02,1.0,0.811905,候选仅由名称召回；必须核对统计对象、口径、频率、单位、地区和来源
69,中国:工厂库存量:草甘膦,S9985994,801030,库存,当期值,中游,当前元数据检索未找到可信候选,2030730350,[停]兴发集团:库存量:草甘膦:期末值,年,吨,期末值,,上市公司公告,getEcoDataIndChemical,2014-12-31,2022-12-31,0.0,0.479249,未写更新时间不代表每日更新；当前只能按未知处理
70,期货结算价(活跃合约):铁矿石,S0186244,801040,价格,原始值,上游,当前元数据检索未找到可信候选,2130700003,期货结算价(活跃):纸浆,日,元/吨,当期值,全国,上海期货交易所,getEcoDataIndLightmanufactue,2018-11-27,2026-08-07,1.0,0.592857,未写更新时间不代表每日更新；当前只能按未知处理
71,淡水河谷:产量:铁矿石:当季值,S5705271,801040,产量,当期值,上游,当前元数据检索未找到可信候选,,,,,,,,,,,,,未写更新时间不代表每日更新；当前只能按未知处理
72,中国:港口库存量:铁矿石,S0110152,801040,库存,当期值,上游,当前元数据检索未找到可信候选,2040703677,港口库存量:铁矿石:合计:期末值,周,万吨,期末值,全国,Datayes!,getEcoDataIndSteel,2021-05-05,2026-08-05,1.0,0.692787,未写更新时间不代表每日更新；当前只能按未知处理
73,"中国:价格:螺纹钢(HRB400E,20mm)",S5707798,801040,价格,原始值,中游,当前元数据检索未找到可信候选,2040000823,螺纹钢:HRB400 20MM:兰州,日,元/吨,当期值,兰州市,Datayes!,getEcoDataIndSteel,2007-04-24,2026-08-06,1.0,0.656075,未写更新时间不代表每日更新；当前只能按未知处理
74,中国:产能利用率:电炉(短流程钢厂),S5715672,801040,开工率,比率,中游,当前元数据检索未找到可信候选,,,,,,,,,,,,,未写更新时间不代表每日更新；当前只能按未知处理
75,中国:产能利用率:电炉(长流程钢厂),S5715673,801040,开工率,比率,中游,当前元数据检索未找到可信候选,,,,,,,,,,,,,未写更新时间不代表每日更新；当前只能按未知处理
76,中国:价格指数:五金材料:不锈钢材料,S6006749,801040,价格,指数,中游,需审核候选,2080619860,五金机电指数:价格指数:五金材料:不锈钢材料,年,点,当期值,成都市,中国五金机电指数,getEcoDataIndMachineryequipment,2012-12-31,2026-12-31,1.0,0.7819,候选仅由名称召回；必须核对统计对象、口径、频率、单位、地区和来源
77,中国:表观消费量:不锈钢冷轧板:当月值,S9987661,801040,需求,当期值,下游,当前元数据检索未找到可信候选,,,,,,,,,,,,,未写更新时间不代表每日更新；当前只能按未知处理
78,中国:出口数量:不锈钢:当月值,K1215458,801040,需求,当期值,下游,当前元数据检索未找到可信候选,2040201927,出口数量:不锈钢丝(7223):当月值,月,千克,当期值,,海关总署,getEcoDataIndSteel,2010-01-31,2026-06-30,1.0,0.61453,未写更新时间不代表每日更新；当前只能按未知处理
79,中国:房地产开发投资完成额:累计同比,S0029657,801710,需求,同比,下游,可直接建立字段对应,1050000013,房地产开发投资完成额:累计同比,月,%,累计同比,全国,国家统计局,getEcoDataChina,1992-02-29,2026-06-30,1.0,0.988571,名称及核心口径词一致；仍建议抽样核对数值和来源
80,中国:固定资产投资完成额:基础设施建设:累计同比,M5440435,801710,需求,同比,下游,需审核候选,1050021433,固定资产投资完成额:基础设施建设投资:累计同比,月,%,累计同比,全国,Datayes!,getEcoDataChina,2004-02-29,2026-06-30,1.0,0.82406,候选仅由名称召回；必须核对统计对象、口径、频率、单位、地区和来源
81,中国:库容比:水泥:当周值,V5932139,801710,库存,比率,中游,当前元数据检索未找到可信候选,,,,,,,,,,,,,未写更新时间不代表每日更新；当前只能按未知处理
82,中国:水泥价格指数,S5914515,801710,价格,指数,中游,当前元数据检索未找到可信候选,2060709427,水泥价格指数:中原,日,点,当期值,,中国水泥网,getEcoDataIndBuildingmaterials,2017-01-03,2025-12-08,1.0,0.691667,未写更新时间不代表每日更新；当前只能按未知处理
83,中国:市场价:浮法平板玻璃(4.8/5mm),S5914490,801710,价格,原始值,中游,当前元数据检索未找到可信候选,,,,,,,,,,,,,未写更新时间不代表每日更新；当前只能按未知处理
84,中国:表观消费量:平板玻璃:当月值,S9987670,801710,需求,当期值,下游,当前元数据检索未找到可信候选,,,,,,,,,,,,,未写更新时间不代表每日更新；当前只能按未知处理
85,"中国:出口金额:玻璃纤维(包括玻璃棉)及其制品(例如,玻璃纤维纱线及其织物)(7019):当月同比",C1628024,801710,需求,同比,下游,当前元数据检索未找到可信候选,,,,,,,,,,,,,未写更新时间不代表每日更新；当前只能按未知处理
86,中国:价格指数:五金材料:防水材料,S6006751,801710,价格,指数,中游,需审核候选,2080619862,五金机电指数:价格指数:五金材料:防水材料,年,点,当期值,成都市,中国五金机电指数,getEcoDataIndMachineryequipment,2012-12-31,2026-12-31,1.0,0.766667,候选仅由名称召回；必须核对统计对象、口径、频率、单位、地区和来源
87,中国:价格指数:五金材料:管材,S6006747,801710,价格,指数,中游,需审核候选,2080619858,五金机电指数:价格指数:五金材料:管材,年,点,当期值,成都市,中国五金机电指数,getEcoDataIndMachineryequipment,2012-12-31,2026-12-31,1.0,0.728571,候选仅由名称召回；必须核对统计对象、口径、频率、单位、地区和来源
88,中国:商品零售额:限额以上单位:建筑及装潢材料类:当月同比,M0001463,801710,需求,同比,下游,当前元数据检索未找到可信候选,,,,,,,,,,,,,未写更新时间不代表每日更新；当前只能按未知处理
89,中国:建筑业:本年新签合同额:累计同比,S0029725,801720,情绪/预期,同比,中游,需审核候选,2170923949,建筑业企业本年新签合同额:累计同比,季,%,累计同比,中国,Datayes!,getEcoDataIndRealestate,2005-03-31,2026-06-30,1.0,0.8125,候选仅由名称召回；必须核对统计对象、口径、频率、单位、地区和来源
90,美国:新订单额:制造业:季调:同比,G1109320,801720,需求,同比,上游,当前元数据检索未找到可信候选,,,,,,,,,,,,,未写更新时间不代表每日更新；当前只能按未知处理
91,中国:非制造业PM1建筑业,M5207831,801720,情绪/预期,指数,中游,当前元数据检索未找到可信候选,1030000726,非制造业PMI:建筑业,月,%,当期值,全国,国家统计局,getEcoDataChina,2008-02-29,2026-07-31,1.0,0.620455,未写更新时间不代表每日更新；当前只能按未知处理
92,中国:房地产开发投资完成额:累计同比,S0029657,801720,需求,同比,上游,可直接建立字段对应,1050000013,房地产开发投资完成额:累计同比,月,%,累计同比,全国,国家统计局,getEcoDataChina,1992-02-29,2026-06-30,1.0,0.988571,名称及核心口径词一致；仍建议抽样核对数值和来源
93,中国:利润总额:规模以上工业企业:当月值,M5207463,801890,盈利,当期值,下游,当前元数据检索未找到可信候选,1200063367,广西:规模以上工业企业利润总额,年,亿元,当期值,广西壮族自治区,广西统计局,getEcoDataChinaRegion,1975-12-31,2025-12-31,1.0,0.554839,未写更新时间不代表每日更新；当前只能按未知处理
94,中国:出口金额:机床:当月值,S0270271,801890,需求,当期值,下游,当前元数据检索未找到可信候选,,,,,,,,,,,,,未写更新时间不代表每日更新；当前只能按未知处理
95,中国:产量:金属切削机床:当月同比,S0027799,801890,产量,同比,中游,可直接建立字段对应,1020001637,产量:金属切削机床:当月同比,月,%,当期同比,全国,国家统计局,getEcoDataChina,1997-02-28,2026-06-30,1.0,0.97359,名称及核心口径词一致；仍建议抽样核对数值和来源
96,中国:产量:金属成形机床:当月同比,S0070421,801890,产量,同比,中游,可直接建立字段对应,2080617143,产量:金属成形机床:当月同比,月,%,当期同比,全国,国家统计局,getEcoDataIndMachineryequipment,2000-07-31,2026-06-30,1.0,0.97359,名称及核心口径词一致；仍建议抽样核对数值和来源
97,中国:存货:专用设备制造业:同比,M5786886,801890,库存,同比,中游,当前元数据检索未找到可信候选,1020006641,工业企业:存货:专用设备制造业:累计同比,月,%,累计同比,全国,国家统计局,getEcoDataChina,2012-02-29,2026-06-30,1.0,0.631515,未写更新时间不代表每日更新；当前只能按未知处理
98,中国:利润总额:专用设备制造业:累计同比,S0017964,801890,盈利,同比,中游,需审核候选,1020008279,工业企业:利润总额:专用设备制造业:累计同比,月,%,累计同比,全国,国家统计局,getEcoDataChina,2001-02-28,2026-06-30,1.0,0.836275,候选仅由名称召回；必须核对统计对象、口径、频率、单位、地区和来源
99,中国:营业收入:专用设备制造业:累计同比,M5767911,801890,盈利,同比,中游,需审核候选,1020007145,工业企业:营业收入:专用设备制造业:累计同比,月,%,累计同比,全国,国家统计局,getEcoDataChina,2017-02-28,2026-06-30,1.0,0.836275,候选仅由名称召回；必须核对统计对象、口径、频率、单位、地区和来源
100,中国:出口价格指数:专用设备制造业:同比,M0045394,801890,价格,同比,下游,当前元数据检索未找到可信候选,1030000116,[停]企业景气指数:专用设备制造业,季,%,当期值,全国,国家统计局,getEcoDataChina,1999-03-31,2022-09-30,0.0,0.540606,未写更新时间不代表每日更新；当前只能按未知处理
101,中国:出口数量指数:专用设备制造业:同比,M0045439,801890,需求,同比,下游,当前元数据检索未找到可信候选,1030000116,[停]企业景气指数:专用设备制造业,季,%,当期值,全国,国家统计局,getEcoDataChina,1999-03-31,2022-09-30,0.0,0.540606,未写更新时间不代表每日更新；当前只能按未知处理
102,中国:铁路客运量:累计同比,S0035959,801890,需求,同比,下游,需审核候选,2160000484,公路客运量:累计同比,月,%,累计同比,全国,国家统计局,getEcoDataIndTraffictransport,1986-06-30,2026-06-30,1.0,0.744762,候选仅由名称召回；必须核对统计对象、口径、频率、单位、地区和来源
103,中国:铁路货运量:累计同比,S0035983,801890,运输/流通,同比,下游,需审核候选,2160000492,公路货运量:累计同比,月,%,累计同比,全国,国家统计局,getEcoDataIndTraffictransport,1986-06-30,2026-06-30,1.0,0.744762,候选仅由名称召回；必须核对统计对象、口径、频率、单位、地区和来源
104,中国:固定资产投资完成额:全国铁路:当月同比,S6426471,801890,需求,同比,下游,当前元数据检索未找到可信候选,1050000034,固定资产投资完成额:当月同比,月,%,当期同比,全国,Datayes!,getEcoDataChina,1993-04-30,2026-06-30,1.0,0.672092,未写更新时间不代表每日更新；当前只能按未知处理
105,中国:固定资产投资完成额:基础设施建设:累计值,M5440434,801890,需求,累计值,下游,需审核候选,1050021433,固定资产投资完成额:基础设施建设投资:累计同比,月,%,累计同比,全国,Datayes!,getEcoDataChina,2004-02-29,2026-06-30,1.0,0.746734,候选仅由名称召回；必须核对统计对象、口径、频率、单位、地区和来源
106,中国:房屋新开工面积:累计值,S0029669,801890,需求,累计值,下游,需审核候选,2170700013,新开工面积:累计值,季,万平方米,累计值,全国,国家统计局,getEcoDataIndRealestate,2003-06-30,2026-06-30,1.0,0.82,候选仅由名称召回；必须核对统计对象、口径、频率、单位、地区和来源
107,中国:销量:挖掘机:当月同比,S6001313,801890,需求,同比,下游,可直接建立字段对应,2080111196,销量:挖掘机:当月同比,月,%,当期同比,全国,中国工程机械工业协会,getEcoDataIndMachineryequipment,2008-01-31,2026-06-30,1.0,0.938889,名称及核心口径词一致；仍建议抽样核对数值和来源
108,中国:出口数量:挖掘机:工程机械行业:当月同比,S6001315,801890,需求,同比,下游,当前元数据检索未找到可信候选,,,,,,,,,,,,,未写更新时间不代表每日更新；当前只能按未知处理
109,中国:销量:装载机:主要企业:当月同比,S6002168,801890,需求,同比,下游,当前元数据检索未找到可信候选,,,,,,,,,,,,,未写更新时间不代表每日更新；当前只能按未知处理
110,中国:销量:塔式起重机:当月同比,U3233447,801890,需求,同比,下游,需审核候选,2080618895,销量:塔式起重机,年,台,当期值,全国,中国工程机械工业年鉴,getEcoDataIndMachineryequipment,2001-12-31,2022-12-31,1.0,0.717273,候选仅由名称召回；必须核对统计对象、口径、频率、单位、地区和来源
111,中国:销量:叉车:主要企业:当月同比,S6002171,801890,需求,同比,下游,当前元数据检索未找到可信候选,,,,,,,,,,,,,未写更新时间不代表每日更新；当前只能按未知处理
112,日本:订单金额:机械设备:工业机械:工业机器人:当月值,W7830855,801890,需求,当期值,下游,当前元数据检索未找到可信候选,,,,,,,,,,,,,未写更新时间不代表每日更新；当前只能按未知处理
113,中国:固定资产投资完成额:累计值,M0000272,801890,需求,累计值,下游,可直接建立字段对应,1050000004,固定资产投资完成额:累计值,月,亿元,累计值,全国,国家统计局,getEcoDataChina,1981-12-31,2026-06-30,1.0,0.97359,名称及核心口径词一致；仍建议抽样核对数值和来源
114,中国:产量:工业机器人:当月同比,S0243302,801890,产量,同比,中游,可直接建立字段对应,1020008750,产量:工业机器人:当月同比,月,%,当期同比,全国,国家统计局,getEcoDataChina,2016-03-31,2026-06-30,1.0,0.964091,名称及核心口径词一致；仍建议抽样核对数值和来源
115,中国:产量:服务机器人:当月同比,F8591283,801890,产量,同比,中游,当前元数据检索未找到可信候选,1020008750,产量:工业机器人:当月同比,月,%,当期同比,全国,国家统计局,getEcoDataChina,2016-03-31,2026-06-30,1.0,0.563384,未写更新时间不代表每日更新；当前只能按未知处理
116,中国:中央本级一般公共预算支出:国防,M0065417,801740,需求,当期值,下游,当前元数据检索未找到可信候选,1060008211,工业和信息化部:预算支出:一般公共预算:项目支出:国防,年,万元,当期值,全国,工信部,getEcoDataChina,2011-12-31,2026-12-31,1.0,0.515751,未写更新时间不代表每日更新；当前只能按未知处理
117,中国:固定资产投资完成额:制造业:铁路、船舶、航空航天和其他运输设备制造业:累计同比,M0000407,801740,需求,同比,中游,可直接建立字段对应,1050000359,固定资产投资完成额:制造业:铁路、船舶、航空航天和其他运输设备制造业:累计同比,月,%,累计同比,全国,国家统计局,getEcoDataChina,2012-02-29,2026-06-30,1.0,1.041126,名称及核心口径词一致；仍建议抽样核对数值和来源
118,中国:出口金额:航空器、航天器及其零件(HS88章):当月值,M0053738,801740,需求,当期值,下游,当前元数据检索未找到可信候选,2087005761,出口金额(美元):航空器、航天器及其零件(88):当月值,月,美元,当期值,中国,海关总署,getEcoDataIndMachineryequipment,2015-01-31,2026-06-30,1.0,0.619123,未写更新时间不代表每日更新；当前只能按未知处理
119,中国:新接船舶订单量:累计值,S6000031,801740,需求,累计值,下游,当前元数据检索未找到可信候选,,,,,,,,,,,,,未写更新时间不代表每日更新；当前只能按未知处理
120,中国:手持船舶订单量:累计值,S6000033,801740,需求,累计值,中游,当前元数据检索未找到可信候选,,,,,,,,,,,,,未写更新时间不代表每日更新；当前只能按未知处理
121,中国:出口金额:船舶:当月值,S0117229,801740,需求,当期值,下游,需审核候选,2080200739,出口金额:船舶:当月同比,月,%,当期同比,,海关总署,getEcoDataIndMachineryequipment,2005-01-31,2026-06-30,1.0,0.711905,候选仅由名称召回；必须核对统计对象、口径、频率、单位、地区和来源
122,"秦皇岛港:平仓价:动力末煤(Q5500,山西产)",S5101377,801160,价格,原始值,上游,当前元数据检索未找到可信候选,2020000052,[停]平仓价:动力煤(Q5500):秦皇岛港:山西优混煤,日,元/吨,当期值,,我的钢铁网,getEcoDataIndEnergy,2006-01-01,2022-05-09,0.0,0.564706,未写更新时间不代表每日更新；当前只能按未知处理
123,中国:利润总额:电力、热力、燃气及水生产和供应业:累计同比,S0206722,801160,盈利,同比,中游,可直接建立字段对应,1020005933,利润总额:电力、热力、燃气及水生产和供应业:累计同比,月,%,累计同比,全国,国家统计局,getEcoDataChina,2015-10-31,2026-06-30,1.0,1.021502,名称及核心口径词一致；仍建议抽样核对数值和来源
124,欧盟27国(不含英国):HICP(调和CPI):住房、水、电、煤气和其他燃料:电、煤气和其他燃料:煤气,G0913390,801160,价格,指数,下游,当前元数据检索未找到可信候选,,,,,,,,,,,,,未写更新时间不代表每日更新；当前只能按未知处理
125,中国:营业收入:燃气生产和供应业:累计值,M5767877,801160,盈利,累计值,中游,需审核候选,1020007173,工业企业:营业收入:燃气生产和供应业:累计值,月,亿元,累计值,全国,国家统计局,getEcoDataChina,2016-02-29,2026-06-30,1.0,0.836275,候选仅由名称召回；必须核对统计对象、口径、频率、单位、地区和来源
126,中国:利润总额:燃气生产和供应业:累计值,S0026782,801160,盈利,累计值,中游,需审核候选,1020008307,工业企业:利润总额:燃气生产和供应业:累计值,月,亿元,累计值,全国,国家统计局,getEcoDataChina,2000-02-29,2026-06-30,1.0,0.836275,候选仅由名称召回；必须核对统计对象、口径、频率、单位、地区和来源
127,中国:快递业务平均单价,S6500745,801170,价格,当期值,中游,当前元数据检索未找到可信候选,,,,,,,,,,,,,未写更新时间不代表每日更新；当前只能按未知处理
128,中国:规模以上快递业务量:当月同比,S6504464,801170,运输/流通,同比,下游,需审核候选,2160606104,快递:业务量:当月同比,月,%,当期同比,全国,国家邮政局,getEcoDataIndTraffictransport,2008-02-29,2026-06-30,1.0,0.774231,候选仅由名称召回；必须核对统计对象、口径、频率、单位、地区和来源
129,中国:快递服务品牌集中度指数(CR8),S6509589,801170,情绪/预期,比率,中游,可直接建立字段对应,2160606378,快递:服务品牌集中度指数:CR8,年,%,当期值,全国,国家邮政局,getEcoDataIndTraffictransport,2013-12-31,2024-12-31,1.0,0.988571,名称及核心口径词一致；仍建议抽样核对数值和来源
130,中国:民航货邮运输量:当月值,S0036015,801170,运输/流通,当期值,下游,需审核候选,2160001799,[停]中国国航:货邮运输量:当月值,月,吨,当期值,,上市公司公告,getEcoDataIndTraffictransport,2006-01-31,2026-02-28,0.0,0.765,候选仅由名称召回；必须核对统计对象、口径、频率、单位、地区和来源
131,中国:民航货邮运输量:当月同比,S0036037,801170,运输/流通,同比,下游,当前元数据检索未找到可信候选,2160702614,春秋航空:货邮运输量:当月同比,月,%,当期同比,,上市公司公告,getEcoDataIndTraffictransport,2016-02-29,2026-05-31,1.0,0.676224,未写更新时间不代表每日更新；当前只能按未知处理
132,中国:铁路客运量:当月值,S0036002,801170,需求,当期值,下游,可直接建立字段对应,2160000875,铁路客运量:当月值,月,万人,当期值,全国,国家统计局,getEcoDataIndTraffictransport,1983-07-31,2026-06-30,1.0,0.921667,名称及核心口径词一致；仍建议抽样核对数值和来源
133,中国:铁路货运量:当月同比,S0036034,801170,运输/流通,同比,下游,可直接建立字段对应,2160000884,铁路货运量:当月同比,月,%,当期同比,全国,国家统计局,getEcoDataIndTraffictransport,2003-03-31,2026-06-30,1.0,0.938889,名称及核心口径词一致；仍建议抽样核对数值和来源
134,中国:公路客运量:当月同比,S0036025,801170,需求,同比,下游,可直接建立字段对应,2160000482,公路客运量:当月同比,月,%,当期同比,全国,国家统计局,getEcoDataIndTraffictransport,2003-03-31,2026-06-30,1.0,0.938889,名称及核心口径词一致；仍建议抽样核对数值和来源
135,中国:公路货运量:当月同比,S0036035,801170,运输/流通,同比,下游,可直接建立字段对应,2160000490,公路货运量:当月同比,月,%,当期同比,全国,国家统计局,getEcoDataIndTraffictransport,2003-03-31,2026-06-30,1.0,0.938889,名称及核心口径词一致；仍建议抽样核对数值和来源
136,中国:机场旅客吞吐量,S0180516,801170,需求,当期值,下游,需审核候选,2160606861,机场旅客吞吐量:安康,年,人次,当期值,安康市,中国民用航空局,getEcoDataIndTraffictransport,2006-12-31,2024-12-31,1.0,0.733333,候选仅由名称召回；必须核对统计对象、口径、频率、单位、地区和来源
137,中国:民航旅客周转量:当月同比,S0036032,801170,需求,同比,下游,可直接建立字段对应,2160002784,民航旅客周转量:当月同比,月,%,当期同比,全国,国家统计局,getEcoDataIndTraffictransport,2004-01-31,2026-06-30,1.0,0.964091,名称及核心口径词一致；仍建议抽样核对数值和来源
138,南方航空:客座率:当月值,S0044910,801170,开工率,比率,中游,可直接建立字段对应,2160001734,南方航空:客座率:当月值,月,%,当期值,,上市公司公告,getEcoDataIndTraffictransport,2001-06-30,2026-06-30,1.0,1.08,名称及核心口径词一致；仍建议抽样核对数值和来源
139,东方航空:客座率:当月值,S0048010,801170,开工率,比率,中游,需审核候选,2160001734,南方航空:客座率:当月值,月,%,当期值,,上市公司公告,getEcoDataIndTraffictransport,2001-06-30,2026-06-30,1.0,0.8825,候选仅由名称召回；必须核对统计对象、口径、频率、单位、地区和来源
140,南方航空:可用座公里:国内:当月值,S0044858,801170,产量,当期值,中游,当前元数据检索未找到可信候选,2160001727,南方航空:可用吨公里:国内航线:当月值,月,百万吨公里,当期值,,上市公司公告,getEcoDataIndTraffictransport,2001-06-30,2026-06-30,1.0,0.651667,未写更新时间不代表每日更新；当前只能按未知处理
141,东方航空:可用座公里:国内:当月值,S0048023,801170,产量,当期值,中游,当前元数据检索未找到可信候选,2160702457,春秋航空:可用客公里:国内:当月值,月,万人公里,当期值,,上市公司公告,getEcoDataIndTraffictransport,2016-01-31,2026-05-31,1.0,0.644048,未写更新时间不代表每日更新；当前只能按未知处理
142,中国出口集装箱运价指数:综合指数,S0000066,801170,运输/流通,指数,中游,需审核候选,2160618981,[停]厦门出口集装箱运价指数:综合指数,周,点,当期值,,厦门航运交易所,getEcoDataIndTraffictransport,2016-05-06,2019-07-26,0.0,0.852308,候选仅由名称召回；必须核对统计对象、口径、频率、单位、地区和来源
143,上海出口集装箱运价指数:综合指数,S0114089,801170,运输/流通,指数,中游,需审核候选,2160618981,[停]厦门出口集装箱运价指数:综合指数,周,点,当期值,,厦门航运交易所,getEcoDataIndTraffictransport,2016-05-06,2019-07-26,0.0,0.852308,候选仅由名称召回；必须核对统计对象、口径、频率、单位、地区和来源
144,美国:ISM:制造业PMI,G0002323,801170,情绪/预期,指数,下游,需审核候选,3010100013,美国:ISM:制造业PMI:进口指数,月,%,当期值,美国,美国供应管理协会,getEcoDataGlobeUsa,1989-10-31,2026-07-31,1.0,0.972308,候选仅由名称召回；必须核对统计对象、口径、频率、单位、地区和来源
145,波罗的海干散货指数(BDI),S0031550,801170,运输/流通,指数,中游,当前元数据检索未找到可信候选,,,,,,,,,,,,,未写更新时间不代表每日更新；当前只能按未知处理
146,中国:港口:货物吞吐量:当月值,S0030324,801170,运输/流通,当期值,下游,需审核候选,2160702417,招商港口:货物吞吐量:当月值,月,吨,当期值,,上市公司公告,getEcoDataIndTraffictransport,2004-09-30,2018-11-30,1.0,0.81,候选仅由名称召回；必须核对统计对象、口径、频率、单位、地区和来源
147,光伏行业综合价格指数(SPI):组件,S5125928,801730,价格,指数,中游,当前元数据检索未找到可信候选,2020656319,[停]光伏产品价格指数(SPI):组件,周,,当期值,全国,Datayes!,getEcoDataIndEnergy,2014-05-30,2018-06-01,0.0,0.632218,未写更新时间不代表每日更新；当前只能按未知处理
148,光伏行业综合价格指数(SPI):电池片,S5125929,801730,价格,指数,中游,当前元数据检索未找到可信候选,2020656320,[停]光伏产品价格指数(SPI):电池片,周,,当期值,全国,Datayes!,getEcoDataIndEnergy,2014-05-30,2018-06-01,0.0,0.659048,未写更新时间不代表每日更新；当前只能按未知处理
149,光伏行业综合价格指数(SPI):硅片,S5125930,801730,价格,指数,中游,当前元数据检索未找到可信候选,2020656321,[停]光伏产品价格指数(SPI):硅片,周,,当期值,全国,Datayes!,getEcoDataIndEnergy,2014-05-30,2018-06-01,0.0,0.632218,未写更新时间不代表每日更新；当前只能按未知处理
150,光伏行业综合价格指数(SPI):多晶硅,S5125931,801730,价格,指数,上游,当前元数据检索未找到可信候选,2020656322,[停]光伏产品价格指数(SPI):多晶硅,周,,当期值,全国,Datayes!,getEcoDataIndEnergy,2014-05-30,2018-06-01,0.0,0.659048,未写更新时间不代表每日更新；当前只能按未知处理
151,中国:发电装机容量:光伏:累计值,C7916637,801730,产量,累计值,下游,当前元数据检索未找到可信候选,2020653685,可再生能源发电装机容量:光伏,年,万千瓦,当期值,全国,能源局,getEcoDataIndEnergy,2015-12-31,2024-12-31,1.0,0.566434,未写更新时间不代表每日更新；当前只能按未知处理
152,中国:发电装机容量:光伏:累计同比,N7394634,801730,产量,同比,下游,当前元数据检索未找到可信候选,2070918840,[停]申华控股:装机容量:光伏电:累计同比,年,%,累计同比,,上市公司公告,getEcoDataIndAutomobile,2018-12-31,2019-12-31,0.0,0.549204,未写更新时间不代表每日更新；当前只能按未知处理
153,中国:出口数量:逆变器(85044030):当月值,C5553658,801730,需求,当期值,下游,可直接建立字段对应,2087039087,出口数量:逆变器(85044030):当月值,月,个,当期值,中国,海关总署,getEcoDataIndMachineryequipment,2015-01-31,2026-06-30,1.0,1.008655,名称及核心口径词一致；仍建议抽样核对数值和来源
154,中国:发电装机容量:累计同比,S5151670,801730,产量,同比,下游,当前元数据检索未找到可信候选,2020642207,发电装机容量:新疆:合计:同比,年,%,当期同比,全国,中国电力年鉴,getEcoDataIndEnergy,2005-12-31,2022-12-31,1.0,0.575,未写更新时间不代表每日更新；当前只能按未知处理
155,"中国:价格:碳酸锂(99.5%电,国产)",S5811336,801730,价格,原始值,上游,当前元数据检索未找到可信候选,,,,,,,,,,,,,未写更新时间不代表每日更新；当前只能按未知处理
156,中国:价格:正极材料:磷酸铁锂(国产),S5814937,801730,价格,原始值,中游,需审核候选,2030019767,价格:正极材料:磷酸铁锂,日,元/吨,当期值,全国,Datayes!,getEcoDataIndChemical,2017-11-01,2026-08-07,1.0,0.863333,候选仅由名称召回；必须核对统计对象、口径、频率、单位、地区和来源
157,中国:市场价(高端价):负极材料:天然石墨,S9980009,801730,价格,原始值,中游,当前元数据检索未找到可信候选,2030726144,[停]市场价:最高价:负极材料:天然石墨:国产低端,日,万元/吨,当期值,全国,中国化学与物理电源行业协会,getEcoDataIndChemical,2019-04-26,2022-02-17,0.0,0.615126,未写更新时间不代表每日更新；当前只能按未知处理
158,"富宝:中国:价格:基膜(湿法,7ym)",Z5105326,801730,价格,原始值,中游,当前元数据检索未找到可信候选,,,,,,,,,,,,,未写更新时间不代表每日更新；当前只能按未知处理
159,中国:市场价:电解液:磷酸铁锂,S9979998,801730,价格,原始值,中游,需审核候选,2030726037,[停]市场价:最高价:电解液:磷酸铁锂,日,万元/吨,当期值,全国,中国化学与物理电源行业协会,getEcoDataIndChemical,2015-01-23,2024-07-04,0.0,0.717273,候选仅由名称召回；必须核对统计对象、口径、频率、单位、地区和来源
160,中国:价格:前驱体:三元前驱体(523),S5811586,801730,价格,原始值,中游,当前元数据检索未找到可信候选,2030726180,[停]市场价:最高价:三元前驱体(523):国产,日,万元/吨,当期值,全国,中国化学与物理电源行业协会,getEcoDataIndChemical,2018-01-23,2022-02-17,0.0,0.509908,未写更新时间不代表每日更新；当前只能按未知处理
161,中国:保有量:充电桩(公共),S6135847,801730,库存,当期值,下游,当前元数据检索未找到可信候选,,,,,,,,,,,,,未写更新时间不代表每日更新；当前只能按未知处理
162,中国:电网基本建设投资完成额:累计同比,S5108466,801730,需求,同比,下游,当前元数据检索未找到可信候选,2020104982,电网基本建设工程投资完成:累计同比,月,%,累计同比,全国,中国电力企业联合会,getEcoDataIndEnergy,2009-12-31,2026-06-30,1.0,0.635498,未写更新时间不代表每日更新；当前只能按未知处理
163,中国:保有量:换电站,O2653591,801730,库存,当期值,下游,当前元数据检索未找到可信候选,,,,,,,,,,,,,未写更新时间不代表每日更新；当前只能按未知处理
164,中国:电源基本建设投资完成额:累计同比,S5108461,801730,需求,同比,下游,当前元数据检索未找到可信候选,1050000012,固定资产投资完成额:累计同比,月,%,累计同比,全国,国家统计局,getEcoDataChina,1982-12-31,2026-06-30,1.0,0.540606,未写更新时间不代表每日更新；当前只能按未知处理
165,中国:电源基本建设投资完成额:太阳能:累计同比,A5699963,801730,需求,同比,下游,当前元数据检索未找到可信候选,,,,,,,,,,,,,未写更新时间不代表每日更新；当前只能按未知处理
166,中国:电源基本建设投资完成额:风电:累计同比,S5108465,801730,需求,同比,下游,当前元数据检索未找到可信候选,,,,,,,,,,,,,未写更新时间不代表每日更新；当前只能按未知处理
167,中国:30大中城市:成交面积:商品房,S2707380,801180,需求,当期值,中游,当前元数据检索未找到可信候选,2170926744,30大中城市:商品房成交面积,日,万平方米,当期值,,Datayes!,getEcoDataIndRealestate,2010-01-01,2026-08-06,1.0,0.610789,未写更新时间不代表每日更新；当前只能按未知处理
168,深圳:预计供应房源套数:商品房,X7769997,801180,产量,当期值,中游,当前元数据检索未找到可信候选,,,,,,,,,,,,,未写更新时间不代表每日更新；当前只能按未知处理
169,中国:房地产开发投资完成额:累计同比,S0029657,801180,需求,同比,中游,可直接建立字段对应,1050000013,房地产开发投资完成额:累计同比,月,%,累计同比,全国,国家统计局,getEcoDataChina,1992-02-29,2026-06-30,1.0,0.988571,名称及核心口径词一致；仍建议抽样核对数值和来源
170,中国:房屋新开工面积:累计同比,S0073293,801180,产量,同比,中游,需审核候选,2170908258,青岛:房屋新开工面积:累计同比,月,%,累计同比,青岛市,青岛市统计局,getEcoDataIndRealestate,2012-03-31,2026-06-30,1.0,0.826573,候选仅由名称召回；必须核对统计对象、口径、频率、单位、地区和来源
171,中国:房屋竣工面积:累计同比,S0073297,801180,产量,同比,中游,需审核候选,2170908273,深圳:房屋竣工面积:累计同比,月,%,累计同比,深圳市,深圳市统计局,getEcoDataIndRealestate,2003-03-31,2026-05-31,1.0,0.81,候选仅由名称召回；必须核对统计对象、口径、频率、单位、地区和来源
172,中国:房屋施工面积:累计同比,S0073290,801180,产量,同比,中游,需审核候选,2170908271,深圳:房屋施工面积:累计同比,月,%,累计同比,深圳市,深圳市统计局,getEcoDataIndRealestate,2003-03-31,2026-05-31,1.0,0.81,候选仅由名称召回；必须核对统计对象、口径、频率、单位、地区和来源
173,中国:金融机构人民币贷款加权平均利率:一般贷款,M0058003,801780,价格,比率,中游,当前元数据检索未找到可信候选,,,,,,,,,,,,,未写更新时间不代表每日更新；当前只能按未知处理
174,中国:净息差:商业银行,M5201620,801780,盈利,比率,中游,当前元数据检索未找到可信候选,,,,,,,,,,,,,未写更新时间不代表每日更新；当前只能按未知处理
175,中国:净息差:大型商业银行,M5650383,801780,盈利,比率,中游,当前元数据检索未找到可信候选,,,,,,,,,,,,,未写更新时间不代表每日更新；当前只能按未知处理
176,中国:净息差:股份制商业银行,M5650384,801780,盈利,比率,中游,当前元数据检索未找到可信候选,2210907251,[停]动产融资登记:应收账款:股份制商业银行,月,笔,当期值,全国,中国人民银行,getEcoDataIndFinancialservices,2015-08-31,2021-12-31,0.0,0.461494,未写更新时间不代表每日更新；当前只能按未知处理
177,中国:净息差:城市商业银行,M5650385,801780,盈利,比率,中游,当前元数据检索未找到可信候选,,,,,,,,,,,,,未写更新时间不代表每日更新；当前只能按未知处理
178,中国:占贷款比重:关注类贷款:商业银行,M5481815,801780,盈利,比率,中游,当前元数据检索未找到可信候选,,,,,,,,,,,,,未写更新时间不代表每日更新；当前只能按未知处理
179,中国:不良贷款比例:商业银行,M0002004,801780,盈利,比率,中游,当前元数据检索未找到可信候选,,,,,,,,,,,,,未写更新时间不代表每日更新；当前只能按未知处理
180,中国:不良贷款比例:大型商业银行,M0002012,801780,盈利,比率,中游,当前元数据检索未找到可信候选,,,,,,,,,,,,,未写更新时间不代表每日更新；当前只能按未知处理
181,中国:不良贷款比例:股份制商业银行,M0002014,801780,盈利,比率,中游,当前元数据检索未找到可信候选,,,,,,,,,,,,,未写更新时间不代表每日更新；当前只能按未知处理
182,中国:不良贷款比例:城市商业银行,M0002016,801780,盈利,比率,中游,当前元数据检索未找到可信候选,,,,,,,,,,,,,未写更新时间不代表每日更新；当前只能按未知处理
183,中国:新增投资者数量,W2239126,801790,情绪/预期,当期值,下游,当前元数据检索未找到可信候选,,,,,,,,,,,,,未写更新时间不代表每日更新；当前只能按未知处理
184,沪深300指数:涨跌幅,M0020215,801790,情绪/预期,比率,宏观,当前元数据检索未找到可信候选,,,,,,,,,,,,,未写更新时间不代表每日更新；当前只能按未知处理
185,中国:保费收入:保险公司:累计值,M0012260,801790,需求,累计值,中游,当前元数据检索未找到可信候选,1070005736,原保险保费收入:财产保险公司:意外险:累计值,月,亿元,累计值,中国,中国银行保险监督管理委员会,getEcoDataIndFinancialservices,2019-01-31,2026-06-30,1.0,0.492346,未写更新时间不代表每日更新；当前只能按未知处理
186,中国:保险公司:保费收入:财产险:累计值,M0012261,801790,需求,累计值,中游,需审核候选,1070005227,保费收入:财产险:累计值,月,万元,累计值,全国,中国保险业监督管理委员会,getEcoDataIndFinancialservices,1999-01-31,2026-06-30,1.0,0.796484,候选仅由名称召回；必须核对统计对象、口径、频率、单位、地区和来源
187,中国:保险公司:保费收入:寿险:累计值,M0012265,801790,需求,累计值,中游,需审核候选,1070005229,保费收入:寿险:累计值,月,万元,累计值,全国,中国保险业监督管理委员会,getEcoDataIndFinancialservices,1999-01-31,2026-06-30,1.0,0.774231,候选仅由名称召回；必须核对统计对象、口径、频率、单位、地区和来源
188,中债国债到期收益率:10年,S0059749,801790,价格,比率,宏观,当前元数据检索未找到可信候选,3020500593,欧元区:零息国债即期收益率:10年期,月,%,当期值,欧元区,欧盟统计局,getEcoDataGlobeEu,2004-09-30,2026-07-31,1.0,0.514286,未写更新时间不代表每日更新；当前只能按未知处理
189,中国:销量:乘用车:当月同比,S6114596,801880,需求,同比,下游,需审核候选,2070100796,汽车销量:乘用车:当月同比,月,%,当期同比,,Datayes!,getEcoDataIndAutomobile,2006-01-31,2025-10-31,1.0,0.789899,候选仅由名称召回；必须核对统计对象、口径、频率、单位、地区和来源
190,"中国:日均销量(当周,厂家零售):乘用车:同比",S6126414,801880,需求,同比,下游,当前元数据检索未找到可信候选,,,,,,,,,,,,,未写更新时间不代表每日更新；当前只能按未知处理
191,"中国:日均销量(当周,厂家批发):乘用车:同比",S6126412,801880,需求,同比,下游,当前元数据检索未找到可信候选,,,,,,,,,,,,,未写更新时间不代表每日更新；当前只能按未知处理
192,中国:产量:乘用车:当月同比,S6114302,801880,产量,同比,中游,需审核候选,2070100749,汽车产量:乘用车:当月同比,月,%,当期同比,,Datayes!,getEcoDataIndAutomobile,2006-01-31,2025-10-31,1.0,0.789899,候选仅由名称召回；必须核对统计对象、口径、频率、单位、地区和来源
193,中国:销量:新能源汽车:当月同比,C3969449,801880,需求,同比,下游,需审核候选,1020021236,产量:新能源汽车:当月同比,月,%,当期同比,全国,国家统计局,getEcoDataChina,2016-03-31,2026-06-30,1.0,0.791414,候选仅由名称召回；必须核对统计对象、口径、频率、单位、地区和来源
194,中国:销量:乘用车:当月值,S0105711,801880,需求,当期值,下游,需审核候选,2070100795,汽车销量:乘用车:当月值,月,辆,当期值,,Datayes!,getEcoDataIndAutomobile,2005-01-31,2023-12-31,1.0,0.765,候选仅由名称召回；必须核对统计对象、口径、频率、单位、地区和来源
195,中国:销量:新能源汽车:当月值,S6139212,801880,需求,当期值,下游,需审核候选,2070815488,比亚迪:销量:新能源汽车:当月值,月,辆,当期值,全国,上市公司公告,getEcoDataIndAutomobile,2018-01-31,2026-07-31,1.0,0.785455,候选仅由名称召回；必须核对统计对象、口径、频率、单位、地区和来源
196,中国:出口数量:乘用车:当月值,S0270095,801880,需求,当期值,下游,当前元数据检索未找到可信候选,2070936197,日本汽车进口数量:乘用车:当月值,月,辆,当期值,,日本自动车工业协会,getEcoDataIndAutomobile,2001-06-30,2026-06-30,1.0,0.674359,未写更新时间不代表每日更新；当前只能按未知处理
197,中国:出口金额:汽车零配件:当月同比,M7071823,801880,需求,同比,上游,当前元数据检索未找到可信候选,2070200699,[停]出口金额:汽车电子电器零部件:当月同比,月,%,当期同比,,Datayes!,getEcoDataIndAutomobile,2010-02-28,2016-05-31,0.0,0.587564,未写更新时间不代表每日更新；当前只能按未知处理
198,中国:出口数量:汽车轮胎:当月值,S0270100,801880,需求,当期值,上游,当前元数据检索未找到可信候选,2070201003,出口数量:汽车:CKD:当月值,月,辆,当期值,全国,Datayes!,getEcoDataIndAutomobile,2016-01-31,2023-12-31,1.0,0.543273,未写更新时间不代表每日更新；当前只能按未知处理
199,中国:出口数量:汽车底盘,S6100233,801880,需求,当期值,上游,需审核候选,2070813407,出口数量:汽车,年,辆,当期值,全国,中国汽车工业年鉴,getEcoDataIndAutomobile,2017-12-31,2017-12-31,1.0,0.755,候选仅由名称召回；必须核对统计对象、口径、频率、单位、地区和来源
200,中国:出口数量:车用发动机:当月值,S0270099,801880,需求,当期值,上游,当前元数据检索未找到可信候选,2080106997,产量:汽车用发动机:当月值,月,千瓦,当期值,全国,中国机经网,getEcoDataIndMachineryequipment,2009-02-28,2020-12-31,1.0,0.599333,未写更新时间不代表每日更新；当前只能按未知处理
201,中国:出口金额:汽车轮胎:当月值,S0270299,801880,需求,当期值,上游,当前元数据检索未找到可信候选,2030701476,出口金额:橡胶制品:翻新轮胎:当月值,月,万美元,当期值,全国,Datayes!,getEcoDataIndChemical,2019-01-31,2026-06-30,1.0,0.497053,未写更新时间不代表每日更新；当前只能按未知处理
202,中国:出口金额:汽车底盘,S6100270,801880,需求,当期值,上游,需审核候选,2070813542,出口金额:汽车,年,万美元,当期值,全国,中国汽车工业年鉴,getEcoDataIndAutomobile,2010-12-31,2017-12-31,1.0,0.755,候选仅由名称召回；必须核对统计对象、口径、频率、单位、地区和来源
203,中国:出口金额:车用发动机:当月值,S0270298,801880,需求,当期值,上游,当前元数据检索未找到可信候选,2080106997,产量:汽车用发动机:当月值,月,千瓦,当期值,全国,中国机经网,getEcoDataIndMachineryequipment,2009-02-28,2020-12-31,1.0,0.575333,未写更新时间不代表每日更新；当前只能按未知处理
204,中国:销量:二轮摩托车(150-250mL),S6000822,801880,需求,当期值,下游,当前元数据检索未找到可信候选,2070814407,销量:摩托车:二轮摩托车:150ml<排量≤250ml,年,辆,当期值,,中国汽车工业年鉴,getEcoDataIndAutomobile,1996-12-31,2024-12-31,1.0,0.636652,未写更新时间不代表每日更新；当前只能按未知处理
205,中国:销量:二轮摩托车(250-400mL),S6137433,801880,需求,当期值,下游,当前元数据检索未找到可信候选,2070814408,销量:摩托车:二轮摩托车:250ml<排量≤400ml,年,辆,当期值,,中国汽车工业年鉴,getEcoDataIndAutomobile,2010-12-31,2024-12-31,1.0,0.630769,未写更新时间不代表每日更新；当前只能按未知处理
206,中国:出口金额:摩托车:当月同比,M7071797,801880,需求,同比,下游,可直接建立字段对应,2080200743,出口金额:摩托车:当月同比,月,%,当期同比,,海关总署,getEcoDataIndMachineryequipment,2000-01-31,2026-06-30,1.0,0.964091,名称及核心口径词一致；仍建议抽样核对数值和来源
207,中国:出口数量:摩托车:当月同比,M7071796,801880,需求,同比,下游,可直接建立字段对应,2080200230,出口数量:摩托车:当月同比,月,%,当期同比,,海关总署,getEcoDataIndMachineryequipment,2000-01-31,2026-06-30,1.0,0.964091,名称及核心口径词一致；仍建议抽样核对数值和来源
208,中国:销量:重型卡车:当月值,C4488787,801880,需求,当期值,下游,需审核候选,2070913995,[停]中国重汽:销量:重型卡车:当月值,月,辆,当期值,,上市公司公告,getEcoDataIndAutomobile,2008-03-31,2018-08-31,0.0,0.791162,候选仅由名称召回；必须核对统计对象、口径、频率、单位、地区和来源
209,中国:新注册民用汽车数量:载货汽车(重型),S0041869,801880,需求,当期值,下游,当前元数据检索未找到可信候选,2070601566,民用汽车注册量:载货汽车:重型,年,万辆,当期值,,国家统计局,getEcoDataIndAutomobile,2002-12-31,2024-12-31,1.0,0.580606,未写更新时间不代表每日更新；当前只能按未知处理
210,中国:固定资产投资完成额:基础设施建设:累计同比,M5440435,801880,需求,同比,下游,需审核候选,1050021433,固定资产投资完成额:基础设施建设投资:累计同比,月,%,累计同比,全国,Datayes!,getEcoDataChina,2004-02-29,2026-06-30,1.0,0.82406,候选仅由名称召回；必须核对统计对象、口径、频率、单位、地区和来源
211,中国:房屋新开工面积:累计同比,S0073293,801880,产量,同比,下游,需审核候选,2170908258,青岛:房屋新开工面积:累计同比,月,%,累计同比,青岛市,青岛市统计局,getEcoDataIndRealestate,2012-03-31,2026-06-30,1.0,0.826573,候选仅由名称召回；必须核对统计对象、口径、频率、单位、地区和来源
212,中国:房屋竣工面积:累计同比,S0073297,801880,产量,同比,下游,需审核候选,2170908273,深圳:房屋竣工面积:累计同比,月,%,累计同比,深圳市,深圳市统计局,getEcoDataIndRealestate,2003-03-31,2026-05-31,1.0,0.81,候选仅由名称召回；必须核对统计对象、口径、频率、单位、地区和来源
213,中国:房屋施工面积:累计同比,S0073290,801880,产量,同比,下游,需审核候选,2170908271,深圳:房屋施工面积:累计同比,月,%,累计同比,深圳市,深圳市统计局,getEcoDataIndRealestate,2003-03-31,2026-05-31,1.0,0.81,候选仅由名称召回；必须核对统计对象、口径、频率、单位、地区和来源
214,中国:出口数量:商用车:当月同比,S6119113,801880,需求,同比,下游,当前元数据检索未找到可信候选,2070100813,汽车销量:商用车:当月同比,月,%,当期同比,,Datayes!,getEcoDataIndAutomobile,2006-01-31,2025-10-31,1.0,0.606061,未写更新时间不代表每日更新；当前只能按未知处理
215,中国:销量:大型客车,S6136074,801880,需求,当期值,下游,当前元数据检索未找到可信候选,2070115683,客车销量:大型客车:环比,月,%,当期环比,全国,Datayes!,getEcoDataIndAutomobile,2003-01-31,2023-12-31,1.0,0.633333,未写更新时间不代表每日更新；当前只能按未知处理
216,中国:销量:客车(中型),S6103712,801880,需求,当期值,下游,当前元数据检索未找到可信候选,2070920733,[停]宇通客车:销量:客车:中型客车:累计值,年,辆,累计值,,上市公司公告,getEcoDataIndAutomobile,2015-12-31,2022-12-31,0.0,0.551394,未写更新时间不代表每日更新；当前只能按未知处理
217,中国:销售金额:大家电:白电:冰箱:线下:当月值:同比,Q9633070,801110,需求,同比,中游,当前元数据检索未找到可信候选,,,,,,,,,,,,,未写更新时间不代表每日更新；当前只能按未知处理
218,中国:销售金额:大家电:白电:空调:线下:当月值:同比,O4783302,801110,需求,同比,中游,当前元数据检索未找到可信候选,,,,,,,,,,,,,未写更新时间不代表每日更新；当前只能按未知处理
219,中国:销售金额:大家电:白电:洗衣机:线下:当月值:同比,P7355605,801110,需求,同比,中游,当前元数据检索未找到可信候选,,,,,,,,,,,,,未写更新时间不代表每日更新；当前只能按未知处理
220,中国:出口数量:冰箱:当月值,S0072043,801110,需求,当期值,下游,当前元数据检索未找到可信候选,2090200914,出口数量:冰箱:非洲:当月值,月,台,当期值,,Datayes!,getEcoDataIndElectronic,2012-01-31,2016-08-31,1.0,0.634343,未写更新时间不代表每日更新；当前只能按未知处理
221,中国:出口数量:空调:当月值,S0072018,801110,需求,当期值,下游,当前元数据检索未找到可信候选,2090201064,出口数量:空调电机:非洲:当月值,月,台,当期值,,Datayes!,getEcoDataIndElectronic,2012-01-31,2016-08-31,1.0,0.593687,未写更新时间不代表每日更新；当前只能按未知处理
222,中国:出口数量:洗衣机:当月值,S0072044,801110,需求,当期值,下游,当前元数据检索未找到可信候选,4110000146,[停]出口数量:洗衣机:其他非全自动洗衣机:当月值,月,台,当期值,全国,中国家电网,getEcoDataIndElectronic,2015-02-28,2017-06-30,0.0,0.693548,未写更新时间不代表每日更新；当前只能按未知处理
223,中国:销售金额:大家电:黑电:彩电:线下:当月值:同比,W5704008,801110,需求,同比,中游,当前元数据检索未找到可信候选,,,,,,,,,,,,,未写更新时间不代表每日更新；当前只能按未知处理
224,价格:液晶电视面板:65寸:60Hz Open Cell:UHD,S5622088,801110,价格,原始值,上游,当前元数据检索未找到可信候选,,,,,,,,,,,,,未写更新时间不代表每日更新；当前只能按未知处理
225,中国:销售金额:小家电:厨房小家电:线上:当月值:同比,B3388236,801110,需求,同比,中游,当前元数据检索未找到可信候选,,,,,,,,,,,,,未写更新时间不代表每日更新；当前只能按未知处理
226,中国:销售金额:小家电:厨房小家电:线下:当月值:同比,X6324382,801110,需求,同比,中游,当前元数据检索未找到可信候选,,,,,,,,,,,,,未写更新时间不代表每日更新；当前只能按未知处理
227,中国:销售金额:生活电器:清洁电器(含清洁电器):线下:当月值:同比,R9203174,801110,需求,同比,中游,当前元数据检索未找到可信候选,,,,,,,,,,,,,未写更新时间不代表每日更新；当前只能按未知处理
228,中国:商品房销售面积:累计同比,S0073300,801110,需求,同比,宏观,可直接建立字段对应,2170001992,商品房销售面积:累计同比,月,%,累计同比,,国家统计局,getEcoDataIndRealestate,1998-07-31,2026-06-30,1.0,0.964091,名称及核心口径词一致；仍建议抽样核对数值和来源
229,中国:房屋竣工面积:累计同比,S0073297,801110,产量,同比,宏观,需审核候选,2170908273,深圳:房屋竣工面积:累计同比,月,%,累计同比,深圳市,深圳市统计局,getEcoDataIndRealestate,2003-03-31,2026-05-31,1.0,0.81,候选仅由名称召回；必须核对统计对象、口径、频率、单位、地区和来源
230,中国:存货:纺织服装、服饰业:同比,M5786869,801130,库存,同比,中游,当前元数据检索未找到可信候选,1020006590,工业企业:存货:纺织服装、服饰业:累计同比,月,%,累计同比,全国,国家统计局,getEcoDataChina,2012-02-29,2026-06-30,1.0,0.631515,未写更新时间不代表每日更新；当前只能按未知处理
231,中国:出口金额:纺织制品:当月同比,M7071536,801130,需求,同比,上游,当前元数据检索未找到可信候选,2030701665,出口金额:橡胶制品:当月同比,月,%,当期同比,全国,Datayes!,getEcoDataIndChemical,2019-01-31,2026-06-30,1.0,0.600769,未写更新时间不代表每日更新；当前只能按未知处理
232,中国:商品零售额:限额以上单位:服装鞋帽针纺织品类:当月同比(1-2月合并),M0001456,801130,需求,同比,下游,当前元数据检索未找到可信候选,,,,,,,,,,,,,未写更新时间不代表每日更新；当前只能按未知处理
233,中国:出口金额:服装:当月值,S0270252,801130,需求,当期值,下游,当前元数据检索未找到可信候选,2120606602,[停]出口金额:服装:帕劳:当月值,月,万美元,当期值,帕劳,中国棉花信息网,getEcoDataIndTextileclothing,2016-01-31,2019-11-30,0.0,0.634343,未写更新时间不代表每日更新；当前只能按未知处理
234,中国:市场均价:白卡纸,S9976178,801140,价格,原始值,中游,当前元数据检索未找到可信候选,,,,,,,,,,,,,未写更新时间不代表每日更新；当前只能按未知处理
235,中国:市场均价:双胶纸,S9976174,801140,价格,原始值,中游,当前元数据检索未找到可信候选,,,,,,,,,,,,,未写更新时间不代表每日更新；当前只能按未知处理
236,中国:产量:自卡纸:当月值,S9986880,801140,产量,当期值,中游,当前元数据检索未找到可信候选,,,,,,,,,,,,,未写更新时间不代表每日更新；当前只能按未知处理
237,中国:产量:双胶纸:当月值,S9986948,801140,产量,当期值,中游,当前元数据检索未找到可信候选,,,,,,,,,,,,,未写更新时间不代表每日更新；当前只能按未知处理
238,中国:参考价:阔叶浆,S9976069,801140,价格,原始值,上游,当前元数据检索未找到可信候选,,,,,,,,,,,,,未写更新时间不代表每日更新；当前只能按未知处理
239,中国:社会消费品零售总额:当月同比(1-2月合并),M0001428,801140,需求,同比,宏观,当前元数据检索未找到可信候选,1200900630,上海:社会消费品零售总额:当月同比,月,%,当期同比,上海市,上海市统计局,getEcoDataChinaRegion,2014-02-28,2026-06-30,1.0,0.697643,未写更新时间不代表每日更新；当前只能按未知处理
240,中国:市场均价:白板纸,S9976179,801140,价格,原始值,中游,当前元数据检索未找到可信候选,,,,,,,,,,,,,未写更新时间不代表每日更新；当前只能按未知处理
241,中国:市场均价:箱板纸,S9976172,801140,价格,原始值,中游,当前元数据检索未找到可信候选,,,,,,,,,,,,,未写更新时间不代表每日更新；当前只能按未知处理
242,中国:市场均价:瓦楞纸,S9976177,801140,价格,原始值,中游,当前元数据检索未找到可信候选,,,,,,,,,,,,,未写更新时间不代表每日更新；当前只能按未知处理
243,中国:商品房销售面积:累计同比,S0073300,801140,需求,同比,下游,可直接建立字段对应,2170001992,商品房销售面积:累计同比,月,%,累计同比,,国家统计局,getEcoDataIndRealestate,1998-07-31,2026-06-30,1.0,0.964091,名称及核心口径词一致；仍建议抽样核对数值和来源
244,中国:房屋竣工面积:累计同比,S0073297,801140,产量,同比,下游,需审核候选,2170908273,深圳:房屋竣工面积:累计同比,月,%,累计同比,深圳市,深圳市统计局,getEcoDataIndRealestate,2003-03-31,2026-05-31,1.0,0.81,候选仅由名称召回；必须核对统计对象、口径、频率、单位、地区和来源
245,中国:利润总额:家具制造业:累计同比,S0007002,801140,盈利,同比,下游,需审核候选,1020008237,工业企业:利润总额:家具制造业:累计同比,月,%,累计同比,全国,国家统计局,getEcoDataChina,2001-02-28,2026-06-30,1.0,0.813494,候选仅由名称召回；必须核对统计对象、口径、频率、单位、地区和来源
246,中国:出口金额:家具及其零件:当月值,S0071022,801140,需求,当期值,下游,当前元数据检索未找到可信候选,2087008113,出口金额(美元):其他家具及其零件(9403):当月值,月,美元,当期值,中国,海关总署,getEcoDataIndMachineryequipment,2015-01-31,2026-06-30,1.0,0.559582,未写更新时间不代表每日更新；当前只能按未知处理
247,中国:商品零售额:限额以上单位:体育、娱乐用品类:当月同比(1-2月合并),M0001459,801140,需求,同比,下游,当前元数据检索未找到可信候选,,,,,,,,,,,,,未写更新时间不代表每日更新；当前只能按未知处理
248,中国:营业利润:文教、工美、体育和娱乐用品制造业:累计同比,M6001571,801140,盈利,同比,下游,需审核候选,1020010229,工业企业:营业利润:文教、工美、体育和娱乐用品制造业:累计同比,月,%,累计同比,全国,国家统计局,getEcoDataChina,2018-02-28,2026-06-30,1.0,0.885212,候选仅由名称召回；必须核对统计对象、口径、频率、单位、地区和来源
249,中国:社会消费品零售总额:商品零售:当月同比(1-2月合并),M0061659,801200,需求,同比,中游,当前元数据检索未找到可信候选,,,,,,,,,,,,,未写更新时间不代表每日更新；当前只能按未知处理
250,中国:RPI:当月同比,M0001022,801200,价格,同比,中游,可直接建立字段对应,1040001022,[停]RPI:当月同比,月,%,当期同比,全国,国家统计局,getEcoDataChina,1951-12-31,2022-12-31,0.0,0.899643,名称及核心口径词一致；仍建议抽样核对数值和来源
251,中国:实物商品网上零售额,Q9273735,801200,需求,当期值,中游,当前元数据检索未找到可信候选,,,,,,,,,,,,,未写更新时间不代表每日更新；当前只能按未知处理
252,海南:离岛免税购物金额:当月值,K8415957,801200,需求,当期值,中游,当前元数据检索未找到可信候选,2180708533,海南离岛免税:购物人次,月,万人,当期值,海南省,海口海关,getEcoDataIndCateringtourism,2011-04-30,2026-06-30,1.0,0.631423,未写更新时间不代表每日更新；当前只能按未知处理
253,中国:出口金额:一般贸易:当月值,M0009821,801200,需求,当期值,下游,当前元数据检索未找到可信候选,2030200472,[停]甲基丙烯酸甲酯(MMA):出口金额:一般贸易:当月值,月,美元,当期值,,Datayes!,getEcoDataIndChemical,2014-05-31,2018-02-28,0.0,0.697945,未写更新时间不代表每日更新；当前只能按未知处理
254,中国:社会消费品零售总额:餐饮收入:当月同比(1-2月合并),M0061660,801210,需求,同比,中游,当前元数据检索未找到可信候选,,,,,,,,,,,,,未写更新时间不代表每日更新；当前只能按未知处理
255,中国:高考录取人数,T1018684,801210,需求,当期值,中游,当前元数据检索未找到可信候选,,,,,,,,,,,,,未写更新时间不代表每日更新；当前只能按未知处理
256,中国:招生数:高等教育:普通本专科,M6630861,801210,需求,当期值,中游,当前元数据检索未找到可信候选,,,,,,,,,,,,,未写更新时间不代表每日更新；当前只能按未知处理
257,中国:营业利润:农副食品加工业:累计同比,M6001560,801120,盈利,同比,中游,需审核候选,1020010218,工业企业:营业利润:农副食品加工业:累计同比,月,%,累计同比,全国,国家统计局,getEcoDataChina,2018-02-28,2026-06-30,1.0,0.836275,候选仅由名称召回；必须核对统计对象、口径、频率、单位、地区和来源
258,"中国:出厂价:茅台(53度,500ml)",S5200008,801120,价格,原始值,中游,当前元数据检索未找到可信候选,2110734936,经销商出厂价:白酒:21年飞天茅台(53度):500ml,日,元/瓶,当期值,全国,Datayes!,getEcoDataIndFoodbeverage,2021-01-23,2026-08-06,1.0,0.637131,未写更新时间不代表每日更新；当前只能按未知处理
259,中国:批发参考价:五粮液:1618,C0182527,801120,价格,原始值,中游,当前元数据检索未找到可信候选,2110731589,行情价:五粮液:1618,日,元/瓶,当期值,中国,Datayes!,getEcoDataIndFoodbeverage,2020-09-21,2026-06-07,1.0,0.6,未写更新时间不代表每日更新；当前只能按未知处理
260,中国:出厂价:国窖1573:泸州老窖,S5200010,801120,价格,原始值,中游,当前元数据检索未找到可信候选,2110718055,批发价:泸州老窖系列:国窖1573(52%vol 500ml),日,元,当期值,中国,今日酒价,getEcoDataIndFoodbeverage,2021-02-20,2026-08-07,1.0,0.387943,未写更新时间不代表每日更新；当前只能按未知处理
261,中国:商品零售额:限额以上单位:烟酒类:当月同比(1-2月合并),M0073702,801120,需求,同比,下游,当前元数据检索未找到可信候选,,,,,,,,,,,,,未写更新时间不代表每日更新；当前只能按未知处理
262,中国:进口平均单价:大麦:当月值,S0117045,801120,价格,当期值,上游,当前元数据检索未找到可信候选,2110200051,进口平均单价:食糖:当月值,月,美元/吨,均值,,Datayes!,getEcoDataIndFoodbeverage,1998-02-28,2026-06-30,1.0,0.563384,未写更新时间不代表每日更新；当前只能按未知处理
263,中国:主产区:平均价:生鲜乳,S0143880,801120,价格,原始值,上游,当前元数据检索未找到可信候选,2010001827,[停]平均价:生鲜乳(原奶):最低主产区,周,元/公斤,均值,,中国奶业协会,getEcoDataIndAgricultural,2010-01-08,2010-10-15,0.0,0.518687,未写更新时间不代表每日更新；当前只能按未知处理
264,中国:产量:乳制品:当月值,S0028099,801120,产量,当期值,中游,可直接建立字段对应,2110100015,产量:乳制品:当月值,月,万吨,当期值,全国,国家统计局,getEcoDataIndFoodbeverage,1989-01-31,2026-06-30,1.0,0.921667,名称及核心口径词一致；仍建议抽样核对数值和来源
265,中国:平均价:棕榈油,S0142919,801120,价格,原始值,上游,当前元数据检索未找到可信候选,,,,,,,,,,,,,未写更新时间不代表每日更新；当前只能按未知处理
266,中国:社会消费品零售总额:餐饮收入:当月同比(1-2月合并),M0061660,801120,需求,同比,下游,当前元数据检索未找到可信候选,,,,,,,,,,,,,未写更新时间不代表每日更新；当前只能按未知处理
267,期货结算价(活跃合约):CBOT玉米,S0180935,801010,价格,原始值,中游,当前元数据检索未找到可信候选,,,,,,,,,,,,,未写更新时间不代表每日更新；当前只能按未知处理
268,泰国:国际现货价:大米(25%),S5007746,801010,价格,原始值,中游,当前元数据检索未找到可信候选,1040002101,国际现货价格:大米(25%),月,美元/吨,当期值,全国,商务部,getEcoDataChina,2005-04-30,2026-07-31,1.0,0.659921,未写更新时间不代表每日更新；当前只能按未知处理
269,中国:平均价:生猪饲料,S5063761,801010,价格,原始值,上游,当前元数据检索未找到可信候选,,,,,,,,,,,,,未写更新时间不代表每日更新；当前只能按未知处理
270,中国:存栏数:生猪:同比,S0109325,801010,库存,同比,中游,当前元数据检索未找到可信候选,,,,,,,,,,,,,未写更新时间不代表每日更新；当前只能按未知处理
271,期货结算价(活跃合约):黄玉米/期货结算价(1月交割连续):玉米,S0181377,801010,价格,原始值,中游,当前元数据检索未找到可信候选,,,,,,,,,,,,,未写更新时间不代表每日更新；当前只能按未知处理
272,期货结算价(活跃合约):豆粕,S0181371,801010,价格,原始值,中游,当前元数据检索未找到可信候选,2130700003,期货结算价(活跃):纸浆,日,元/吨,当期值,全国,上海期货交易所,getEcoDataIndLightmanufactue,2018-11-27,2026-08-07,1.0,0.630635,未写更新时间不代表每日更新；当前只能按未知处理
273,期货结算价(活跃合约):CBOT大豆,S0180962,801010,价格,原始值,中游,当前元数据检索未找到可信候选,,,,,,,,,,,,,未写更新时间不代表每日更新；当前只能按未知处理
274,期货结算价(活跃合约):白砂糖,S0181366,801010,价格,原始值,中游,当前元数据检索未找到可信候选,2130700003,期货结算价(活跃):纸浆,日,元/吨,当期值,全国,上海期货交易所,getEcoDataIndLightmanufactue,2018-11-27,2026-08-07,1.0,0.592857,未写更新时间不代表每日更新；当前只能按未知处理
275,中国:存栏数:能繁母猪,S0114187,801010,库存,当期值,中游,当前元数据检索未找到可信候选,,,,,,,,,,,,,未写更新时间不代表每日更新；当前只能按未知处理
276,中国:养殖利润:自繁自养生猪,S5021738,801010,盈利,当期值,中游,当前元数据检索未找到可信候选,,,,,,,,,,,,,未写更新时间不代表每日更新；当前只能按未知处理
277,中国:大中城市:出场价格:生猪,S0114183,801010,价格,原始值,中游,当前元数据检索未找到可信候选,,,,,,,,,,,,,未写更新时间不代表每日更新；当前只能按未知处理
278,山东:烟台:出场价(棚前):白羽肉毛鸡(二类厂),S5021677,801010,价格,原始值,中游,当前元数据检索未找到可信候选,,,,,,,,,,,,,未写更新时间不代表每日更新；当前只能按未知处理
279,中国:预期盈利:肉鸡养殖,S5065118,801010,盈利,当期值,中游,当前元数据检索未找到可信候选,2010004191,预期盈利:肉鸡(活鸡),周,元/只,当期值,全国,发改委,getEcoDataIndAgricultural,2016-01-13,2026-06-24,1.0,0.583333,未写更新时间不代表每日更新；当前只能按未知处理
280,中国:单价:布洛芬,S6205724,801150,价格,原始值,上游,当前元数据检索未找到可信候选,,,,,,,,,,,,,未写更新时间不代表每日更新；当前只能按未知处理
281,中国:参考价:维生素E,S9974731,801150,价格,原始值,上游,当前元数据检索未找到可信候选,,,,,,,,,,,,,未写更新时间不代表每日更新；当前只能按未知处理
282,"中国:市场报价:维生素E(50%,国产)",S0106875,801150,价格,原始值,上游,当前元数据检索未找到可信候选,,,,,,,,,,,,,未写更新时间不代表每日更新；当前只能按未知处理
283,中国:单价:阿司匹林,S6205728,801150,价格,原始值,上游,当前元数据检索未找到可信候选,,,,,,,,,,,,,未写更新时间不代表每日更新；当前只能按未知处理
284,中国:出口金额:医药材及药品:当月值,S0270235,801150,需求,当期值,中游,当前元数据检索未找到可信候选,2140200026,进口金额(美元):医药材及药品:当月同比,月,%,当期同比,,海关总署,getEcoDataIndBiologicalmedicine,1999-01-31,2026-06-30,1.0,0.582134,未写更新时间不代表每日更新；当前只能按未知处理
285,中国:商品零售额:限额以上单位:中西药品类:当月同比(1-2月合并),M0073705,801150,需求,同比,下游,当前元数据检索未找到可信候选,,,,,,,,,,,,,未写更新时间不代表每日更新；当前只能按未知处理
286,销售额:精制中药材,S9901435,801150,需求,当期值,中游,当前元数据检索未找到可信候选,,,,,,,,,,,,,未写更新时间不代表每日更新；当前只能按未知处理
287,中药材价格指数:综合200,S6273295,801150,价格,指数,上游,当前元数据检索未找到可信候选,2140000919,市场价格指数:中药材:综合200,年,点,当期值,,中药材天地网,getEcoDataIndBiologicalmedicine,2007-12-31,2023-12-31,1.0,0.607692,未写更新时间不代表每日更新；当前只能按未知处理
288,中国:出口金额:人用疫苗:当月值,M7079239,801150,需求,当期值,中游,当前元数据检索未找到可信候选,2140906664,出口金额(美元):人用疫苗(300220):当月值,月,美元,当期值,中国,海关总署,getEcoDataIndBiologicalmedicine,2015-01-31,2021-12-31,1.0,0.492346,未写更新时间不代表每日更新；当前只能按未知处理
289,中国:出口金额:医疗仪器及器械:当月值,S0071034,801150,需求,当期值,中游,需审核候选,2140200016,进口金额:医疗仪器及器械:当月值,月,万美元,当期值,,海关总署,getEcoDataIndBiologicalmedicine,1998-01-31,2026-06-30,1.0,0.83619,候选仅由名称召回；必须核对统计对象、口径、频率、单位、地区和来源
290,中国:总诊疗人次数:医院:当月值,S6203334,801150,需求,当期值,下游,需审核候选,1160011733,诊疗人次数:医院:当月值,月,万人次,当期值,全国,国家卫生健康委员会,getEcoDataIndBiologicalmedicine,2010-01-31,2025-11-30,1.0,0.904506,候选仅由名称召回；必须核对统计对象、口径、频率、单位、地区和来源
291,中国:销售额:半导体:当月同比,S5622083,801080,需求,同比,中游,当前元数据检索未找到可信候选,2090726763,韩国:进口金额:半导体:当月同比,月,%,当期同比,,Datayes!,getEcoDataIndElectronic,2017-01-31,2026-07-31,1.0,0.625091,未写更新时间不代表每日更新；当前只能按未知处理
292,美洲:销售额:半导体:当月同比,S5616804,801080,需求,同比,中游,当前元数据检索未找到可信候选,2090726763,韩国:进口金额:半导体:当月同比,月,%,当期同比,,Datayes!,getEcoDataIndElectronic,2017-01-31,2026-07-31,1.0,0.601091,未写更新时间不代表每日更新；当前只能按未知处理
293,日本:销售额:半导体:当月同比,S5616806,801080,需求,同比,中游,当前元数据检索未找到可信候选,2090726763,韩国:进口金额:半导体:当月同比,月,%,当期同比,,Datayes!,getEcoDataIndElectronic,2017-01-31,2026-07-31,1.0,0.601091,未写更新时间不代表每日更新；当前只能按未知处理
294,全球:销售额:半导体:当月同比,S5616803,801080,需求,同比,中游,当前元数据检索未找到可信候选,2090726763,韩国:进口金额:半导体:当月同比,月,%,当期同比,,Datayes!,getEcoDataIndElectronic,2017-01-31,2026-07-31,1.0,0.601091,未写更新时间不代表每日更新；当前只能按未知处理
295,中国:出口数量:印刷电路:当月同比,M7071788,801080,需求,同比,中游,当前元数据检索未找到可信候选,2130200141,出口数量:印刷品:当月同比,月,%,当期同比,,海关总署,getEcoDataIndLightmanufactue,2009-03-31,2019-12-31,1.0,0.623333,未写更新时间不代表每日更新；当前只能按未知处理
296,台股营收:IC设计:累计同比,S5616732,801080,盈利,同比,中游,当前元数据检索未找到可信候选,,,,,,,,,,,,,未写更新时间不代表每日更新；当前只能按未知处理
297,台股营收:IC封装测试:累计同比,S5616734,801080,盈利,同比,中游,当前元数据检索未找到可信候选,,,,,,,,,,,,,未写更新时间不代表每日更新；当前只能按未知处理
298,台股营收:DRAM:累计同比,S5616753,801080,盈利,同比,中游,当前元数据检索未找到可信候选,,,,,,,,,,,,,未写更新时间不代表每日更新；当前只能按未知处理
299,日本:出货额:半导体制造设备:当月同比,S5600229,801080,需求,同比,上游,当前元数据检索未找到可信候选,2090715942,日本:半导体制造设备:出货额:当月同比,月,%,当期同比,日本,日本半导体协会,getEcoDataIndElectronic,2005-01-31,2026-06-30,1.0,0.64375,未写更新时间不代表每日更新；当前只能按未知处理
300,台积电:营业收入:当月同比,S0182641,801080,盈利,同比,中游,当前元数据检索未找到可信候选,2090702478,环旭电子:营业收入:当月同比,月,%,当期同比,,上市公司公告,getEcoDataIndElectronic,2015-06-30,2026-02-28,1.0,0.688116,未写更新时间不代表每日更新；当前只能按未知处理
301,"现货平均价:DRAM:DDR3(4Gb(512Mx8),1600MHz)",S5616549,801080,价格,原始值,中游,可直接建立字段对应,2090715997,现货平均价:DRAM:DDR3 4Gb 512Mx8 1600MHz,日,美元,当期值,全球,全球半导体观察,getEcoDataIndElectronic,2013-05-29,2026-08-07,1.0,1.08,名称及核心口径词一致；仍建议抽样核对数值和来源
302,北美:出货量:PCB:当月同比,S5616792,801080,需求,同比,中游,当前元数据检索未找到可信候选,,,,,,,,,,,,,未写更新时间不代表每日更新；当前只能按未知处理
303,中国:出口数量:印刷电路:当月同比,M7071770,801080,需求,同比,中游,当前元数据检索未找到可信候选,2130200141,出口数量:印刷品:当月同比,月,%,当期同比,,海关总署,getEcoDataIndLightmanufactue,2009-03-31,2019-12-31,1.0,0.623333,未写更新时间不代表每日更新；当前只能按未知处理
304,台股营收:被动元件:当月值,S5616589,801080,盈利,当期值,中游,当前元数据检索未找到可信候选,2090100294,日本电子元件产值:被动元件:当月值,月,百万日元,当期值,,日本经济产业省,getEcoDataIndElectronic,2000-01-31,2026-05-31,1.0,0.516239,未写更新时间不代表每日更新；当前只能按未知处理
305,台股营收:面板:当月值,S5616602,801080,盈利,当期值,下游,当前元数据检索未找到可信候选,,,,,,,,,,,,,未写更新时间不代表每日更新；当前只能按未知处理
306,台股营收:发光二极管:当月值,S5616571,801080,盈利,当期值,中游,当前元数据检索未找到可信候选,,,,,,,,,,,,,未写更新时间不代表每日更新；当前只能按未知处理
307,台股营收:光学:当月同比,S5616635,801080,盈利,同比,中游,当前元数据检索未找到可信候选,,,,,,,,,,,,,未写更新时间不代表每日更新；当前只能按未知处理
308,价格:平板电脑面板:10.1寸:1280*800:IPS/FFS,S5621920,801080,价格,原始值,下游,当前元数据检索未找到可信候选,,,,,,,,,,,,,未写更新时间不代表每日更新；当前只能按未知处理
309,中国:出货量:手机(国内品牌):当月值,S6504082,801080,需求,当期值,下游,当前元数据检索未找到可信候选,,,,,,,,,,,,,未写更新时间不代表每日更新；当前只能按未知处理
310,全球:出货量:智能手机:苹果,Y6215371,801080,需求,当期值,下游,当前元数据检索未找到可信候选,,,,,,,,,,,,,未写更新时间不代表每日更新；当前只能按未知处理
311,全球:出货量:平板电脑:苹果,B2615184,801080,需求,当期值,下游,当前元数据检索未找到可信候选,,,,,,,,,,,,,未写更新时间不代表每日更新；当前只能按未知处理
312,鸿海:营业收入:当月同比,S0183546,801080,盈利,同比,下游,需审核候选,2160702375,圆通速递:营业收入:当月同比,月,%,当期同比,,上市公司公告,getEcoDataIndTraffictransport,2018-04-30,2026-05-31,1.0,0.713182,候选仅由名称召回；必须核对统计对象、口径、频率、单位、地区和来源
313,台股营收:被动元件:电容:多层陶瓷电容:当月值,S5616592,801080,盈利,当期值,中游,当前元数据检索未找到可信候选,,,,,,,,,,,,,未写更新时间不代表每日更新；当前只能按未知处理
314,台股营收:半导体材料:当月同比,S5616642,801080,盈利,同比,上游,当前元数据检索未找到可信候选,,,,,,,,,,,,,未写更新时间不代表每日更新；当前只能按未知处理
315,出货量:移动PC面板:当月值,S5600449,801750,需求,当期值,上游,当前元数据检索未找到可信候选,,,,,,,,,,,,,未写更新时间不代表每日更新；当前只能按未知处理
316,出货量:笔记本电脑面板:当月值,S5617375,801750,需求,当期值,上游,当前元数据检索未找到可信候选,,,,,,,,,,,,,未写更新时间不代表每日更新；当前只能按未知处理
317,出货量:平板电脑面板:当月值,S5617378,801750,需求,当期值,上游,当前元数据检索未找到可信候选,,,,,,,,,,,,,未写更新时间不代表每日更新；当前只能按未知处理
318,中国:固定资产投资完成额:制造业:计算机、通信和其他电子设备制造业:累计同比,M0000411,801750,需求,同比,中游,需审核候选,1050000361,固定资产投资完成额:计算机、通信和其他电子设备制造业:累计同比,月,%,累计同比,全国,国家统计局,getEcoDataChina,2004-02-29,2026-06-30,1.0,0.860025,候选仅由名称召回；必须核对统计对象、口径、频率、单位、地区和来源
319,中国:软件业务收入:软件产业:累计同比,S6500002,801750,盈利,同比,下游,当前元数据检索未找到可信候选,,,,,,,,,,,,,未写更新时间不代表每日更新；当前只能按未知处理
320,中国:实际销售收入:游戏市场:同比,H3825236,801760,需求,同比,下游,当前元数据检索未找到可信候选,,,,,,,,,,,,,未写更新时间不代表每日更新；当前只能按未知处理
321,中国:电影观影人次:当周值,S6623763,801760,需求,当期值,下游,当前元数据检索未找到可信候选,2190817694,[停]儒意电影:观影人次:当月值,月,万人次,当期值,,上市公司公告,getEcoDataIndCulture,2015-01-31,2019-06-30,0.0,0.607071,未写更新时间不代表每日更新；当前只能按未知处理
322,中国:电影票房收入:当周值,S6604459,801760,需求,当期值,下游,需审核候选,2100001811,全国电影票房收入:当周值,周,万元,当期值,全国,艺恩数据,getEcoDataIndCulture,2008-01-13,2025-07-06,1.0,0.894949,候选仅由名称召回；必须核对统计对象、口径、频率、单位、地区和来源
323,中国:备案、立项公示数量:电影剧本:故事片,S6623940,801760,产量,当期值,上游,当前元数据检索未找到可信候选,,,,,,,,,,,,,未写更新时间不代表每日更新；当前只能按未知处理
324,中国:电视剧制作备案公示数量,S6623313,801760,产量,当期值,上游,当前元数据检索未找到可信候选,,,,,,,,,,,,,未写更新时间不代表每日更新；当前只能按未知处理
325,中国:电信主营业务收入:当月值,S6504990,801770,盈利,当期值,中游,当前元数据检索未找到可信候选,2030019727,[停]行业运营:氨纶纤维制造:主营业务收入:当月值,月,万元,当期值,全国,中纤网,getEcoDataIndChemical,2016-02-29,2016-12-31,0.0,0.569285,未写更新时间不代表每日更新；当前只能按未知处理
326,中国移动:资本开支:累计值,S0205519,801770,需求,累计值,上游,当前元数据检索未找到可信候选,,,,,,,,,,,,,未写更新时间不代表每日更新；当前只能按未知处理
327,中国电信:资本开支:累计值,S0205532,801770,需求,累计值,上游,当前元数据检索未找到可信候选,,,,,,,,,,,,,未写更新时间不代表每日更新；当前只能按未知处理
328,中国:出货量:手机:当月值,S6504042,801770,需求,当期值,下游,当前元数据检索未找到可信候选,,,,,,,,,,,,,未写更新时间不代表每日更新；当前只能按未知处理
329,全球:出货量:智能手机:当季值,S5615837,801770,需求,当期值,下游,当前元数据检索未找到可信候选,,,,,,,,,,,,,未写更新时间不代表每日更新；当前只能按未知处理
330,中国:产量:光缆:当月同比,S0070473,801770,产量,同比,上游,可直接建立字段对应,2080617140,产量:光缆:当月同比,月,%,当期同比,全国,国家统计局,getEcoDataIndMachineryequipment,2004-01-31,2026-06-30,1.0,0.921667,名称及核心口径词一致；仍建议抽样核对数值和来源
