mapping_row_id,industry_code,wind_code,wind_name,function_type,calculation_type,ValueChain_type,approval_color,approval_source,uqer_indic_id,uqer_name,meta_name_en,uqer_frequency,uqer_unit,uqer_stat_type,uqer_region,meta_country,uqer_source,uqer_api,uqer_begin_date,uqer_end_date,uqer_is_update,review_status,review_priority,review_reason,risk_flags,scope_check,term_check,product_check,frequency_check,recommended_action,point_in_time_note,meta_memo_cn
1,801960,S5111905,全球:现货价:原油(英国布伦特Dtd),价格,原始值,上游,yellow,full,2020000729,现货价:布伦特DTD:原油,Spot Price: Brent DTD: Crude Oil,日,美元/桶,当期值,nan,,ICE,getEcoDataIndEnergy,2005-01-05,2026-08-06,1,可直接替代,低,元数据未发现关键冲突,无明显元数据冲突,目标=foreign；候选=unknown,英文名已核对：Spot Price: Brent DTD: Crude Oil,中文核心统计对象未见明显冲突；仍需数值对账,日频；2005-01-05 至 2026-08-06；isUpdate=1,进入数值与发布日期对账,元数据 isUpdate 只表示更新状态；正式回测仍须检查观测级 publishDate。,1976年至1985年采用北海福尔蒂斯原油价格、1986年至今采用布伦特原油现货价。
4,801960,S0031553,原油运输指数（BDTI）,运输/流通,指数,宏观,yellow,full,2160000009,波罗的海运价指数:原油(BDTI),Baltic Freight Index: Baltic Dirty Tanker Index(BDTI),日,nan,当期值,nan,中国,波罗的海航运交易所,getEcoDataIndTraffictransport,2001-12-27,2026-08-07,1,可直接替代,低,元数据未发现关键冲突,无明显元数据冲突,目标=unknown；候选=中国（元数据 country）,英文名已核对：Baltic Freight Index: Baltic Dirty Tanker Index(BDTI),中文核心统计对象未见明显冲突；仍需数值对账,日频；2001-12-27 至 2026-08-07；isUpdate=1,进入数值与发布日期对账,元数据 isUpdate 只表示更新状态；正式回测仍须检查观测级 publishDate。,
9,801960,S0235576,中海油服:钻井服务日历天使用率,开工率,比率,上游,yellow,priority,2020709395,中海油服:日历天使用率:钻井服务:累计值,,季,%,累计值,nan,中国,上市公司公告,getEcoDataIndEnergy,2007-09-30,2024-03-31,1,近似替代,高,同为中海油服钻井服务日历天使用率，但 UQER 为季度累计口径且最新期止于 2024-03。,黄色被下调；累计口径；更新滞后,目标=unknown；候选=中国（元数据 country）,名称对应,同一公司、同一钻井服务指标,季频；2007-09-30 至 2024-03-31；isUpdate=1,分开保存；通过因子稳定性检验后再使用,元数据 isUpdate 只表示更新状态；正式回测仍须检查观测级 publishDate。,
10,801950,S5101377,"秦皇岛港:平仓价:动力末煤(Q5500,山西产)",价格,原始值,下游,yellow,full,2020657630,现货交易平仓价:CCTD秦皇岛动力煤(Q5500),Exit Price(Spot): CCTD Steam Coal in Qinhuangdao (Q5500),周,元/吨,当期值,全国,中国,Datayes!,getEcoDataIndEnergy,2018-03-26,2026-08-07,1,近似替代,高,Q5500 秦皇岛平仓价一致，但 UQER 名称未限定“山西产”。,黄色被下调；产地口径未明确,目标=local；候选=broad,名称对应,动力煤 Q5500 一致；产地限定缺失,周频；2018-03-26 至 2026-08-07；isUpdate=1,分开保存；通过因子稳定性检验后再使用,元数据 isUpdate 只表示更新状态；正式回测仍须检查观测级 publishDate。,
11,801950,S0048348,现货离岸价(FOB):动力煤:澳大利亚纽卡斯尔/肯布拉港,价格,原始值,下游,yellow,priority,2020000630,离岸价(FOB):动力煤:澳大利亚纽卡斯尔港NEWCIndex(周),FOB: Steam Coal: Australia Port of Newcastle NEWC Index (W),周,美元/吨,当期值,nan,澳大利亚,Datayes!,getEcoDataIndEnergy,2008-05-16,2026-07-24,1,近似替代,高,UQER 是纽卡斯尔港 NEWC 周度指数，未覆盖目标名称中的肯布拉港。,黄色被下调；港口范围缩窄,目标=foreign；候选=foreign,名称对应,动力煤 FOB 一致；仅纽卡斯尔港,周频；2008-05-16 至 2026-07-24；isUpdate=1,分开保存；通过因子稳定性检验后再使用,元数据 isUpdate 只表示更新状态；正式回测仍须检查观测级 publishDate。,
23,801050,S9986545,中国:产能:电解铝:当月值,产量,当期值,中游,green,priority,1020008684,产量:原铝(电解铝):当月值,Output: Ten Kinds of Non-Ferrous Metals: Primary Aluminum (Electrolyzed Aluminum): Current Value (Month),月,万吨,当期值,全国,中国,国家统计局,getEcoDataChina,2002-04-30,2026-06-30,1,不可替代,高,产能是生产能力，产量是实际产出；两者不能直接替代。,统计对象冲突,目标=broad；候选=broad,名称对应,电解铝名称相关，但产能≠产量,月频；2002-04-30 至 2026-06-30；isUpdate=1,移出替代映射；查看更优候选,元数据 isUpdate 只表示更新状态；正式回测仍须检查观测级 publishDate。,
27,801050,S0114144,COMEX:库存量:铜,库存,当期值,下游,green,full,2220006352,COMEX:精铜:持仓比重:总持仓:多头:其他,COMEX: COPPER-GRADE #1: Pct of OI: Tot: Rept: Long: Other,周,%,当期值,全球,全球,CFTC,getEcoDataIndOthers,1989-07-31,2026-08-04,1,不可替代,高,COMEX 铜库存与 CFTC 多头持仓比重是不同指标。,统计对象冲突,目标=unknown；候选=broad,名称对应,精铜持仓比重≠铜库存,周频；1989-07-31 至 2026-08-04；isUpdate=1,移出替代映射；查看更优候选,元数据 isUpdate 只表示更新状态；正式回测仍须检查观测级 publishDate。,合约编号:085692(只包含期货)
27,801050,S0114144,COMEX:库存量:铜,库存,当期值,下游,green,full,2220006353,COMEX:精铜:持仓比重:总持仓:空头:其他,COMEX: COPPER-GRADE #1: Pct of OI: Tot: Rept: Short: Other,周,%,当期值,全球,全球,CFTC,getEcoDataIndOthers,1989-07-31,2026-08-04,1,不可替代,高,COMEX 铜库存与 CFTC 空头持仓比重是不同指标。,统计对象冲突,目标=unknown；候选=broad,名称对应,精铜持仓比重≠铜库存,周频；1989-07-31 至 2026-08-04；isUpdate=1,移出替代映射；查看更优候选,元数据 isUpdate 只表示更新状态；正式回测仍须检查观测级 publishDate。,合约编号:085692(只包含期货)
30,801050,S0180903,期货收盘价(活跃合约)COMEX黄金,价格,原始值,下游,green,full,2220006414,COMEX:黄金:总计持仓:旧年度,COMEX: GOLD: Open Interest: Old,周,100金衡盎司,当期值,全球,全球,CFTC,getEcoDataIndOthers,1989-01-13,2026-08-04,1,不可替代,高,黄金期货收盘价与黄金旧年度持仓量量纲、含义均不同。,统计对象冲突；单位冲突,目标=unknown；候选=broad,名称对应,黄金价格≠黄金持仓,周频；1989-01-13 至 2026-08-04；isUpdate=1,移出替代映射；查看更优候选,元数据 isUpdate 只表示更新状态；正式回测仍须检查观测级 publishDate。,合约编号:088691(只包含期货)
31,801050,M1001791,美国:国债到期收益率:10年,价格,比率,宏观,green,full,3010903755,美国:国债收益率:10年期国债-2年期国债,US: Treasury Yield Rate: 10Y Bond-2Y Bond,日,%,当期值,美国,美国,圣路易斯联邦储备银行,getEcoDataGlobeUsa,1976-06-01,2026-08-07,1,不可替代,高,目标是美国 10 年期国债收益率，候选是 10 年减 2 年期限利差。,期限结构口径冲突,目标=foreign；候选=foreign,名称对应,10Y 收益率≠10Y-2Y 利差,日频；1976-06-01 至 2026-08-07；isUpdate=1,移出替代映射；查看更优候选,元数据 isUpdate 只表示更新状态；正式回测仍须检查观测级 publishDate。,
45,801030,S5470446,中国:现货价:钛白粉(金红石型),价格,原始值,中游,green,priority,2030725762,市场价:钛白粉(金红石型(R2型)),Market Price: Titanium Dioxide (Rutile Type (R2 Type)),月,元/吨,当期值,全国,中国,Datayes!,getEcoDataIndChemical,2018-07-31,2026-06-30,1,近似替代,中,"中英文均指 Titanium Dioxide, Rutile Type；UQER 进一步限定 R2 型且为月频市场价。",规格更窄；频率降低,目标=broad；候选=broad,钛白粉=Titanium Dioxide；金红石型=Rutile Type，对应正确,R2 型是金红石型子规格,月频；2018-07-31 至 2026-06-30；isUpdate=1,分开保存；通过因子稳定性检验后再使用,元数据 isUpdate 只表示更新状态；正式回测仍须检查观测级 publishDate。,
52,801030,S9984988,中国:参考价:纯MDI,价格,原始值,中游,green,full,2030725900,市场价:纯MDI,Market Price: Pure MDI,月,元/吨,当期值,全国,中国,Datayes!,getEcoDataIndChemical,2018-07-31,2026-06-30,1,近似替代,中,纯 MDI/Pure MDI 产品一致；参考价与市场价来源口径可能不同，且 UQER 为月频。,价格类型可能不同；频率降低,目标=broad；候选=broad,纯 MDI=Pure MDI，对应正确,同一化工品,月频；2018-07-31 至 2026-06-30；isUpdate=1,分开保存；通过因子稳定性检验后再使用,元数据 isUpdate 只表示更新状态；正式回测仍须检查观测级 publishDate。,
58,801030,S5470301,中国:现货价:精对苯二甲酸,价格,原始值,中游,green,priority,2030725832,市场价:精对苯二甲酸(优等品),Market Price: Purified Terephthalic Acid (Premium),月,元/吨,当期值,全国,中国,Datayes!,getEcoDataIndChemical,2018-07-31,2026-06-30,1,近似替代,中,精对苯二甲酸对应 Purified Terephthalic Acid (PTA)；UQER 限定优等品且为月频市场价。,等级更窄；频率降低,目标=broad；候选=broad,精对苯二甲酸=Purified Terephthalic Acid，对应正确,同为 PTA；UQER 限定优等品,月频；2018-07-31 至 2026-06-30；isUpdate=1,分开保存；通过因子稳定性检验后再使用,元数据 isUpdate 只表示更新状态；正式回测仍须检查观测级 publishDate。,
60,801030,S5428996,中国:库存天数:涤纶长丝(POY):江浙织机,库存,当期值,下游,green,full,2030725912,市场价:涤纶长丝(POY150D/48),Market Price: Polyester Filament (POY150D / 48),月,元/吨,当期值,全国,中国,Datayes!,getEcoDataIndChemical,2018-07-31,2026-06-30,1,不可替代,高,目标是江浙织机 POY 库存天数，候选是 POY150D/48 市场价格。,统计对象冲突,目标=broad；候选=broad,POY 产品相关，但库存天数与价格不同,库存天数≠市场价格,月频；2018-07-31 至 2026-06-30；isUpdate=1,移出替代映射；查看更优候选,元数据 isUpdate 只表示更新状态；正式回测仍须检查观测级 publishDate。,
61,801030,S5446172,中国:江浙地区:开工率:涤纶长丝,开工率,比率,中游,blue,full,2030019289,涤纶长丝:产量,Output: Polyester Filament: Current Value (Month),月,万吨,当期值,全国,中国,中纤网,getEcoDataIndChemical,2013-01-31,2024-03-31,1,仅补充,中,涤纶长丝产量可作为供给补充，但不能代替江浙地区开工率。,统计对象不同；全国与地区口径不同,目标=broad；候选=broad,名称对应,产量是供给结果，开工率是产能利用状态,月频；2013-01-31 至 2024-03-31；isUpdate=1,作为新增解释变量，不替换原序列,元数据 isUpdate 只表示更新状态；正式回测仍须检查观测级 publishDate。,
62,801030,S5442372,中国:华东地区:市场价(平均价):涤纶长丝(POY150D/48F),价格,原始值,中游,blue,priority,2030725912,市场价:涤纶长丝(POY150D/48),Market Price: Polyester Filament (POY150D / 48),月,元/吨,当期值,全国,中国,Datayes!,getEcoDataIndChemical,2018-07-31,2026-06-30,1,仅补充,中,产品规格 POY150D/48 基本对应，但全国月频市场价不能完全替代华东/江浙地区平均价。,地区口径不同；频率降低,目标=broad；候选=broad,POY150D/48 与 POY150D/48F 基本对应，F 表示丝束根数,同类规格，区域口径不同,月频；2018-07-31 至 2026-06-30；isUpdate=1,作为新增解释变量，不替换原序列,元数据 isUpdate 只表示更新状态；正式回测仍须检查观测级 publishDate。,
72,801040,S0110152,中国:港口库存量:铁矿石,库存,当期值,上游,yellow,priority,2040703677,港口库存量:铁矿石:合计:期末值,Port Inventory: Iron Ore: Total: End of Period Value,周,万吨,期末值,全国,中国,Datayes!,getEcoDataIndSteel,2021-05-05,2026-08-05,1,可直接替代,低,元数据未发现关键冲突,无明显元数据冲突,目标=broad；候选=broad,英文名已核对：Port Inventory: Iron Ore: Total: End of Period Value,中文核心统计对象未见明显冲突；仍需数值对账,周频；2021-05-05 至 2026-08-05；isUpdate=1,进入数值与发布日期对账,元数据 isUpdate 只表示更新状态；正式回测仍须检查观测级 publishDate。,
73,801040,S5707798,"中国:价格:螺纹钢(HRB400E,20mm)",价格,原始值,中游,yellow,priority,1040005377,生产资料价格:钢材:螺纹钢:Φ20mmHRB400E:环比,Price of Means of Production: Steel: Rebar: Φ20mmHRB400E: MoM,月,%,当期环比,全国,中国,发改委,getEcoDataChina,2015-05-31,2026-06-30,1,仅补充,高,产品规格 Φ20mm HRB400E 完全对应，但候选是环比百分比，不是价格水平。,黄色被下调；统计口径冲突,目标=broad；候选=broad,名称对应,螺纹钢牌号与直径一致；环比≠价格原值,月频；2015-05-31 至 2026-06-30；isUpdate=1,作为新增解释变量，不替换原序列,元数据 isUpdate 只表示更新状态；正式回测仍须检查观测级 publishDate。,
78,801040,K1215458,中国:出口数量:不锈钢:当月值,需求,当期值,下游,yellow,priority,2040201927,出口数量:不锈钢丝(7223):当月值,Export Quantity: Stainless Steel Wire(7223): Current Month Value,月,千克,当期值,nan,中国,海关总署,getEcoDataIndSteel,2010-01-31,2026-06-30,1,仅补充,高,HS 7223 仅是不锈钢丝，不能代表全部不锈钢出口数量。,黄色被下调；产品范围缩窄,目标=broad；候选=中国（元数据 country）,名称对应,不锈钢丝(HS 7223)是不锈钢子项,月频；2010-01-31 至 2026-06-30；isUpdate=1,作为新增解释变量，不替换原序列,元数据 isUpdate 只表示更新状态；正式回测仍须检查观测级 publishDate。,"与HS编码""722300""中文全称为""不锈钢丝""相同,与HS编码""72230000""中文全称为""不锈钢丝""相同"
81,801710,V5932139,中国:库容比:水泥:当周值,库存,比率,中游,green,full,2060809207,熟料库容比:全国:当周值,Clinker Capacity Than: Country: The Week Value,周,%,当期值,中国,中国,Datayes!,getEcoDataIndBuildingmaterials,2013-08-02,2025-11-28,1,近似替代,中,熟料是水泥生产的中间品，熟料库容比可作水泥库存压力代理，但不是水泥库容比本身。,产品层级不同,目标=broad；候选=broad,名称对应,熟料库容比是水泥行业上游库存代理,周频；2013-08-02 至 2025-11-28；isUpdate=1,分开保存；通过因子稳定性检验后再使用,元数据 isUpdate 只表示更新状态；正式回测仍须检查观测级 publishDate。,
82,801710,S5914515,中国:水泥价格指数,价格,指数,中游,yellow,full,2060001061,水泥价格指数:全国,Price Index of Cement:National,日,点,当期值,nan,中国,中国水泥网,getEcoDataIndBuildingmaterials,2013-08-01,2026-08-06,1,可直接替代,低,元数据未发现关键冲突,无明显元数据冲突,目标=broad；候选=broad,英文名已核对：Price Index of Cement:National,中文核心统计对象未见明显冲突；仍需数值对账,日频；2013-08-01 至 2026-08-06；isUpdate=1,进入数值与发布日期对账,元数据 isUpdate 只表示更新状态；正式回测仍须检查观测级 publishDate。,
83,801710,S5914490,中国:市场价:浮法平板玻璃(4.8/5mm),价格,原始值,中游,yellow,full,1040005437,生产资料价格:建材:浮法平板玻璃:5mm:环比,Price of Means of Production: Building Materials: Float Glass: 5mm: MoM,月,%,当期环比,全国,中国,发改委,getEcoDataChina,2015-05-31,2026-06-30,1,仅补充,高,5mm 浮法平板玻璃规格接近，但候选是环比百分比，不是市场价格水平。,黄色被下调；统计口径冲突,目标=broad；候选=broad,名称对应,4.8/5mm 与 5mm 接近；环比≠价格原值,月频；2015-05-31 至 2026-06-30；isUpdate=1,作为新增解释变量，不替换原序列,元数据 isUpdate 只表示更新状态；正式回测仍须检查观测级 publishDate。,
85,801710,C1628024,"中国:出口金额:玻璃纤维(包括玻璃棉)及其制品(例如,玻璃纤维纱线及其织物)(7019):当月同比",需求,同比,下游,yellow,priority,2060811216,出口金额(美元):玻璃纤维及其制品(7019):当月同比,Export Value (USD): Glass Fiber And Its Products(7019): Mom,月,%,当期同比,中国,中国,海关总署,getEcoDataIndBuildingmaterials,2016-01-31,2026-06-30,1,可直接替代,低,元数据未发现关键冲突,无明显元数据冲突,目标=broad；候选=broad,英文名已核对：Export Value (USD): Glass Fiber And Its Products(7019): Mom,中文核心统计对象未见明显冲突；仍需数值对账,月频；2016-01-31 至 2026-06-30；isUpdate=1,进入数值与发布日期对账,元数据 isUpdate 只表示更新状态；正式回测仍须检查观测级 publishDate。,"HS编码""7019""中文全称为""玻璃纤维(包括玻璃棉)及其制品(例如,玻璃纤维纱线及其织物)"""
90,801720,G1109320,美国:新订单额:制造业:季调:同比,需求,同比,上游,yellow,full,3010500036,美国:制造业新订单:核心资本品(剔除国防和飞机):季调:同比,US:Manufacturers' New Orders:Nondefense Capital Goods Excluding Aircraft:SA:YoY,月,%,同比(季调),nan,美国,美国商务部,getEcoDataGlobeUsa,1993-02-28,2026-06-30,1,近似替代,高,候选仅覆盖剔除国防和飞机的核心资本品订单，不代表美国制造业全部新订单。,黄色被下调；统计范围缩窄,目标=foreign；候选=foreign,名称对应,核心资本品订单是制造业新订单子集,月频；1993-02-28 至 2026-06-30；isUpdate=1,分开保存；通过因子稳定性检验后再使用,元数据 isUpdate 只表示更新状态；正式回测仍须检查观测级 publishDate。,
91,801720,M5207831,中国:非制造业PM1建筑业,情绪/预期,指数,中游,yellow,full,1030000726,非制造业PMI:建筑业,Non-manufacturing PMI: Construction Industry,月,%,当期值,全国,中国,国家统计局,getEcoDataChina,2008-02-29,2026-07-31,1,可直接替代,低,元数据未发现关键冲突,无明显元数据冲突,目标=broad；候选=broad,英文名已核对：Non-manufacturing PMI: Construction Industry,中文核心统计对象未见明显冲突；仍需数值对账,月频；2008-02-29 至 2026-07-31；isUpdate=1,进入数值与发布日期对账,元数据 isUpdate 只表示更新状态；正式回测仍须检查观测级 publishDate。,
93,801890,M5207463,中国:利润总额:规模以上工业企业:当月值,盈利,当期值,下游,yellow,full,1020001902,工业企业利润总额:当月值,Industrial Enterprises: Total Profit: Current Value (Month),月,亿元,当期值,全国,中国,国家统计局,getEcoDataChina,2012-03-31,2026-06-30,1,可直接替代,低,元数据未发现关键冲突,无明显元数据冲突,目标=broad；候选=broad,英文名已核对：Industrial Enterprises: Total Profit: Current Value (Month),中文核心统计对象未见明显冲突；仍需数值对账,月频；2012-03-31 至 2026-06-30；isUpdate=1,进入数值与发布日期对账,元数据 isUpdate 只表示更新状态；正式回测仍须检查观测级 publishDate。,
97,801890,M5786886,中国:存货:专用设备制造业:同比,库存,同比,中游,yellow,priority,1020006641,工业企业:存货:专用设备制造业:累计同比,Inventory: Special Equipment Manufacturing Industry: Cumulative YoY,月,%,累计同比,全国,中国,国家统计局,getEcoDataChina,2012-02-29,2026-06-30,1,近似替代,高,行业和同比方向一致，但 UQER 标注累计同比；需用数值对账确认其是否实为期末存货同比。,黄色被下调；累计/期末口径待核,目标=broad；候选=broad,名称对应,专用设备制造业存货一致,月频；2012-02-29 至 2026-06-30；isUpdate=1,分开保存；通过因子稳定性检验后再使用,元数据 isUpdate 只表示更新状态；正式回测仍须检查观测级 publishDate。,"从2011年起,规模以上工业企业起点标准由原来的年主营业务收入500万元提高到年主营业务收入2000万元。"
108,801890,S6001315,中国:出口数量:挖掘机:工程机械行业:当月同比,需求,同比,下游,blue,full,2087014972,出口数量:其他机械铲、挖掘机及机铲装载机(842959):当月同比,"Export Quantity: Other Mechanical Shovels, Excavators And Shovel Loaders(842959): Mom",月,%,当期同比,中国,中国,海关总署,getEcoDataIndMachineryequipment,2016-01-31,2026-06-30,1,仅补充,中,HS 842959 包含其他机械铲、挖掘机和装载机，只能作为工程机械出口代理。,产品范围不同,目标=broad；候选=broad,名称对应,HS 842959 不等于行业口径挖掘机出口,月频；2016-01-31 至 2026-06-30；isUpdate=1,作为新增解释变量，不替换原序列,元数据 isUpdate 只表示更新状态；正式回测仍须检查观测级 publishDate。,"与HS编码""84295900""中文全称为""其他机械铲、挖掘机及机铲装载机""相同"
109,801890,S6002168,中国:销量:装载机:主要企业:当月同比,需求,同比,下游,yellow,priority,2080111206,销量:装载机:当月同比,Sales Volume: Loaders: Month YoY,月,%,当期同比,全国,中国,中国工程机械工业协会,getEcoDataIndMachineryequipment,2008-01-31,2026-06-30,1,可直接替代,低,元数据未发现关键冲突,无明显元数据冲突,目标=broad；候选=broad,英文名已核对：Sales Volume: Loaders: Month YoY,中文核心统计对象未见明显冲突；仍需数值对账,月频；2008-01-31 至 2026-06-30；isUpdate=1,进入数值与发布日期对账,元数据 isUpdate 只表示更新状态；正式回测仍须检查观测级 publishDate。,
111,801890,S6002171,中国:销量:叉车:主要企业:当月同比,需求,同比,下游,yellow,priority,2080111236,销量:叉车:当月同比,Sales Volume: Forklifts: Month YoY,月,%,当期同比,全国,中国,中国工程机械工业协会,getEcoDataIndMachineryequipment,2008-01-31,2026-06-30,1,可直接替代,低,元数据未发现关键冲突,无明显元数据冲突,目标=broad；候选=broad,英文名已核对：Sales Volume: Forklifts: Month YoY,中文核心统计对象未见明显冲突；仍需数值对账,月频；2008-01-31 至 2026-06-30；isUpdate=1,进入数值与发布日期对账,元数据 isUpdate 只表示更新状态；正式回测仍须检查观测级 publishDate。,
116,801740,M0065417,中国:中央本级一般公共预算支出:国防,需求,当期值,下游,yellow,full,1060013427,中央本级公共财政支出:国防,Central Government Public Finance Expenditure: National Defense,年,亿元,当期值,全国,中国,财政部,getEcoDataChina,2008-12-31,2025-12-31,1,近似替代,高,中央本级国防支出对象一致，但“公共财政支出”与现行“一般公共预算支出”存在财政科目沿革。,黄色被下调；财政口径沿革,目标=broad；候选=broad,名称对应,中央本级国防支出一致,年频；2008-12-31 至 2025-12-31；isUpdate=1,分开保存；通过因子稳定性检验后再使用,元数据 isUpdate 只表示更新状态；正式回测仍须检查观测级 publishDate。,
118,801740,M0053738,中国:出口金额:航空器、航天器及其零件(HS88章):当月值,需求,当期值,下游,yellow,priority,2087005761,出口金额(美元):航空器、航天器及其零件(88):当月值,"Export Value (USD): Aircraft, Spacecraft And Their Parts(88): Current Month Value",月,美元,当期值,中国,中国,海关总署,getEcoDataIndMachineryequipment,2015-01-31,2026-06-30,1,可直接替代,低,元数据未发现关键冲突,无明显元数据冲突,目标=broad；候选=broad,"英文名已核对：Export Value (USD): Aircraft, Spacecraft And Their Parts(88): Current Month Value",中文核心统计对象未见明显冲突；仍需数值对账,月频；2015-01-31 至 2026-06-30；isUpdate=1,进入数值与发布日期对账,元数据 isUpdate 只表示更新状态；正式回测仍须检查观测级 publishDate。,
119,801740,S6000031,中国:新接船舶订单量:累计值,需求,累计值,下游,yellow,priority,2160029362,全国造船新订单量:累计值,National Volume of New Ship Building Orders: Cumulative Value,月,万载重吨,累计值,nan,中国,中国船舶工业行业协会,getEcoDataIndTraffictransport,2013-12-31,2026-03-31,1,可直接替代,低,元数据未发现关键冲突,无明显元数据冲突,目标=broad；候选=broad,英文名已核对：National Volume of New Ship Building Orders: Cumulative Value,中文核心统计对象未见明显冲突；仍需数值对账,月频；2013-12-31 至 2026-03-31；isUpdate=1,进入数值与发布日期对账,元数据 isUpdate 只表示更新状态；正式回测仍须检查观测级 publishDate。,
120,801740,S6000033,中国:手持船舶订单量:累计值,需求,累计值,中游,yellow,priority,2160029363,全国造船手持订单量:累计值,National Volume of Ship Building Handheld Orders: Cumulative Value,月,万载重吨,累计值,nan,中国,中国船舶工业行业协会,getEcoDataIndTraffictransport,2013-12-31,2026-03-31,1,可直接替代,低,元数据未发现关键冲突,无明显元数据冲突,目标=broad；候选=broad,英文名已核对：National Volume of Ship Building Handheld Orders: Cumulative Value,中文核心统计对象未见明显冲突；仍需数值对账,月频；2013-12-31 至 2026-03-31；isUpdate=1,进入数值与发布日期对账,元数据 isUpdate 只表示更新状态；正式回测仍须检查观测级 publishDate。,
122,801160,S5101377,"秦皇岛港:平仓价:动力末煤(Q5500,山西产)",价格,原始值,上游,yellow,full,2020657630,现货交易平仓价:CCTD秦皇岛动力煤(Q5500),Exit Price(Spot): CCTD Steam Coal in Qinhuangdao (Q5500),周,元/吨,当期值,全国,中国,Datayes!,getEcoDataIndEnergy,2018-03-26,2026-08-07,1,近似替代,高,Q5500 秦皇岛平仓价一致，但 UQER 名称未限定“山西产”。,黄色被下调；产地口径未明确,目标=local；候选=broad,名称对应,动力煤 Q5500 一致；产地限定缺失,周频；2018-03-26 至 2026-08-07；isUpdate=1,分开保存；通过因子稳定性检验后再使用,元数据 isUpdate 只表示更新状态；正式回测仍须检查观测级 publishDate。,
127,801170,S6500745,中国:快递业务平均单价,价格,当期值,中游,blue,full,2160606356,快递:业务收入,Express Delivery: Business Income,年,亿元,当期值,全国,中国,国家邮政局,getEcoDataIndTraffictransport,2006-12-31,2025-12-31,1,仅补充,中,快递业务收入受业务量和单价共同影响，不能直接替代平均单价。,统计对象冲突,目标=broad；候选=broad,名称对应,业务收入≠平均单价,年频；2006-12-31 至 2025-12-31；isUpdate=1,作为新增解释变量，不替换原序列,元数据 isUpdate 只表示更新状态；正式回测仍须检查观测级 publishDate。,
145,801170,S0031550,波罗的海干散货指数(BDI),运输/流通,指数,中游,yellow,priority,2160000004,波罗的海运价指数:干散货(BDI),Baltic Freight Index: Dry Bulk(BDI),日,nan,当期值,nan,全球,波罗的海航运交易所,getEcoDataIndTraffictransport,1988-10-19,2026-08-07,1,可直接替代,低,元数据未发现关键冲突,无明显元数据冲突,目标=unknown；候选=unknown,英文名已核对：Baltic Freight Index: Dry Bulk(BDI),中文核心统计对象未见明显冲突；仍需数值对账,日频；1988-10-19 至 2026-08-07；isUpdate=1,进入数值与发布日期对账,元数据 isUpdate 只表示更新状态；正式回测仍须检查观测级 publishDate。,
161,801730,S6135847,中国:保有量:充电桩(公共),库存,当期值,下游,yellow,full,2070910753,保有量:公用充电桩:中国,Stocks: Publicly Accessible Chargers: China,年,个,当期值,全国,中国,国际能源署,getEcoDataIndAutomobile,2014-12-31,2025-12-31,1,近似替代,高,均为中国公共充电桩保有量，但 UQER 为 IEA 年频数据，更新频率明显较低。,黄色被下调；频率降低；来源不同,目标=broad；候选=broad,名称对应,公共充电桩保有量一致,年频；2014-12-31 至 2025-12-31；isUpdate=1,分开保存；通过因子稳定性检验后再使用,元数据 isUpdate 只表示更新状态；正式回测仍须检查观测级 publishDate。,
162,801730,S5108466,中国:电网基本建设投资完成额:累计同比,需求,同比,下游,yellow,priority,2020104982,电网基本建设工程投资完成:累计同比,Power Grid Infrastructure Investment Completed: Cumulative YoY,月,%,累计同比,全国,中国,中国电力企业联合会,getEcoDataIndEnergy,2009-12-31,2026-06-30,1,可直接替代,低,元数据未发现关键冲突,无明显元数据冲突,目标=broad；候选=broad,英文名已核对：Power Grid Infrastructure Investment Completed: Cumulative YoY,中文核心统计对象未见明显冲突；仍需数值对账,月频；2009-12-31 至 2026-06-30；isUpdate=1,进入数值与发布日期对账,元数据 isUpdate 只表示更新状态；正式回测仍须检查观测级 publishDate。,
164,801730,S5108461,中国:电源基本建设投资完成额:累计同比,需求,同比,下游,green,full,2020104977,电源工程投资完成:累计同比,Completed Investments in Power Generation Projects: Cumulative YoY,月,%,累计同比,全国,中国,中国电力企业联合会,getEcoDataIndEnergy,2009-12-31,2026-06-30,1,可直接替代,中,元数据未发现关键冲突,绿色复核通过；无明显元数据冲突,目标=broad；候选=broad,英文名已核对：Completed Investments in Power Generation Projects: Cumulative YoY,中文核心统计对象未见明显冲突；仍需数值对账,月频；2009-12-31 至 2026-06-30；isUpdate=1,进入数值与发布日期对账,元数据 isUpdate 只表示更新状态；正式回测仍须检查观测级 publishDate。,
167,801180,S2707380,中国:30大中城市:成交面积:商品房,需求,当期值,中游,yellow,priority,2170926744,30大中城市:商品房成交面积,30 Large and Medium Cities: Traned Area:Real Estate Transactions,日,万平方米,当期值,nan,中国,Datayes!,getEcoDataIndRealestate,2010-01-01,2026-08-06,1,可直接替代,低,元数据未发现关键冲突,无明显元数据冲突,目标=broad；候选=中国（元数据 country）,英文名已核对：30 Large and Medium Cities: Traned Area:Real Estate Transactions,中文核心统计对象未见明显冲突；仍需数值对账,日频；2010-01-01 至 2026-08-06；isUpdate=1,进入数值与发布日期对账,元数据 isUpdate 只表示更新状态；正式回测仍须检查观测级 publishDate。,"30大中城市:北京、上海、广州、深圳、成都、大连、福州、杭州、哈尔滨(停止)、长春(停止)、长沙(停止)、南昌(停止)、南京、青岛、苏州、武汉、厦门、安庆(停止)、包头(停止)、东莞、佛山、惠州、江阴、昆明(停止)、兰州(停止)、南宁、韶关、石家庄(停止)、无锡、扬州、岳阳(停止)其中杭州、南昌、武汉、哈尔滨、昆明、扬州、安庆、南宁、兰州、江阴、佛山11个城市为商品房数据,其他为商品住宅数据"
168,801180,X7769997,深圳:预计供应房源套数:商品房,产量,当期值,中游,green,full,2170729410,商品房:可售套数:深圳,,季,套,当期值,深圳市,中国,中国房地产信息网,getEcoDataIndRealestate,2009-03-31,2024-03-31,1,不可替代,高,预计供应房源是未来新增供给，可售套数是现有库存，两者时点和含义不同。,统计对象冲突,目标=local；候选=local,名称对应,计划供应≠可售库存,季频；2009-03-31 至 2024-03-31；isUpdate=1,移出替代映射；查看更优候选,元数据 isUpdate 只表示更新状态；正式回测仍须检查观测级 publishDate。,
185,801790,M0012260,中国:保费收入:保险公司:累计值,需求,累计值,中游,green,full,1070005226,保费收入:原保险:累计值,Original Insurance Premium Income: Original Insurance: Cumulative Value,月,万元,累计值,全国,中国,中国保险业监督管理委员会,getEcoDataIndFinancialservices,1999-01-31,2026-06-30,1,近似替代,中,原保险保费收入是监管口径中的核心保费收入，与保险公司保费总收入接近但范围可能更窄。,统计范围可能缩窄,目标=broad；候选=broad,名称对应,原保险保费收入接近但不必然等于全部保费,月频；1999-01-31 至 2026-06-30；isUpdate=1,分开保存；通过因子稳定性检验后再使用,元数据 isUpdate 只表示更新状态；正式回测仍须检查观测级 publishDate。,包括中华联合控股寿险业务。
190,801880,S6126414,"中国:日均销量(当周,厂家零售):乘用车:同比",需求,同比,下游,yellow,priority,2070928297,当周日均销量:乘用车:厂家零售:同比,,周,%,当期同比,全国,中国,全国乘用车市场信息联席会,getEcoDataIndAutomobile,2010-11-05,2026-07-31,1,可直接替代,低,元数据未发现关键冲突,无明显元数据冲突,目标=broad；候选=broad,UQER 未提供英文名；已按中文名和说明复核,中文核心统计对象未见明显冲突；仍需数值对账,周频；2010-11-05 至 2026-07-31；isUpdate=1,进入数值与发布日期对账,元数据 isUpdate 只表示更新状态；正式回测仍须检查观测级 publishDate。,
191,801880,S6126412,"中国:日均销量(当周,厂家批发):乘用车:同比",需求,同比,下游,yellow,priority,2070928298,当周日均销量:乘用车:厂家批发:同比,,周,%,当期同比,全国,中国,全国乘用车市场信息联席会,getEcoDataIndAutomobile,2015-03-06,2026-07-31,1,可直接替代,低,元数据未发现关键冲突,无明显元数据冲突,目标=broad；候选=broad,UQER 未提供英文名；已按中文名和说明复核,中文核心统计对象未见明显冲突；仍需数值对账,周频；2015-03-06 至 2026-07-31；isUpdate=1,进入数值与发布日期对账,元数据 isUpdate 只表示更新状态；正式回测仍须检查观测级 publishDate。,
196,801880,S0270095,中国:出口数量:乘用车:当月值,需求,当期值,下游,green,full,2070201005,出口数量:汽车:乘用车:柴油汽车:当月值,Export Volume: Automobile: Passenger Vehicles: Diesel Vehicles: Current Value (Month),月,辆,当期值,全国,中国,Datayes!,getEcoDataIndAutomobile,2016-01-31,2023-12-31,1,仅补充,中,柴油乘用车只是乘用车出口子项，不能单独替代乘用车出口总量。,动力类型子项,目标=broad；候选=broad,名称对应,柴油乘用车⊂全部乘用车,月频；2016-01-31 至 2023-12-31；isUpdate=1,作为新增解释变量，不替换原序列,元数据 isUpdate 只表示更新状态；正式回测仍须检查观测级 publishDate。,
196,801880,S0270095,中国:出口数量:乘用车:当月值,需求,当期值,下游,green,full,2070201006,出口数量:汽车:乘用车:汽油汽车:当月值,Export Volume: Automobile: Passenger Vehicles: Gasoline Vehicles: Current Value (Month),月,辆,当期值,全国,中国,Datayes!,getEcoDataIndAutomobile,2016-01-31,2023-12-31,1,仅补充,中,汽油乘用车只是乘用车出口子项，不能单独替代乘用车出口总量。,动力类型子项,目标=broad；候选=broad,名称对应,汽油乘用车⊂全部乘用车,月频；2016-01-31 至 2023-12-31；isUpdate=1,作为新增解释变量，不替换原序列,元数据 isUpdate 只表示更新状态；正式回测仍须检查观测级 publishDate。,
197,801880,M7071823,中国:出口金额:汽车零配件:当月同比,需求,同比,上游,yellow,priority,2070200136,汽车零件:出口金额:当月同比,Exports Value: Auto Parts: YoY,月,%,当期同比,nan,中国,海关总署,getEcoDataIndAutomobile,1999-01-31,2026-06-30,1,可直接替代,低,元数据未发现关键冲突,无明显元数据冲突,目标=broad；候选=中国（元数据 country）,英文名已核对：Exports Value: Auto Parts: YoY,中文核心统计对象未见明显冲突；仍需数值对账,月频；1999-01-31 至 2026-06-30；isUpdate=1,进入数值与发布日期对账,元数据 isUpdate 只表示更新状态；正式回测仍须检查观测级 publishDate。,
200,801880,S0270099,中国:出口数量:车用发动机:当月值,需求,当期值,上游,green,full,2087013505,"出口数量:车用往复活塞发动机,排量≤50ml(840731):当月值","Export Quantity: Reciprocating Piston Engine For Vehicle, Displacement ≤ 50Ml(840731): Current Month Value",月,台,当期值,中国,中国,海关总署,getEcoDataIndMachineryequipment,2015-01-31,2026-06-30,1,仅补充,中,HS 840731 仅覆盖排量≤50ml 的车用往复式活塞发动机。,产品范围过窄,目标=broad；候选=broad,名称对应,≤50ml 发动机⊂全部车用发动机,月频；2015-01-31 至 2026-06-30；isUpdate=1,作为新增解释变量，不替换原序列,元数据 isUpdate 只表示更新状态；正式回测仍须检查观测级 publishDate。,"与HS编码""84073100""中文全称为""车用往复活塞发动机,排量≤50ml""相同"
204,801880,S6000822,中国:销量:二轮摩托车(150-250mL),需求,当期值,下游,yellow,priority,2070814407,销量:摩托车:二轮摩托车:150ml<排量≤250ml,Sales Volume: Motorcycle: Two-Wheeled Motorcycles: 150ml < Swept Volume ≤ 250ml,年,辆,当期值,nan,中国,中国汽车工业年鉴,getEcoDataIndAutomobile,1996-12-31,2024-12-31,1,可直接替代,低,元数据未发现关键冲突,无明显元数据冲突,目标=broad；候选=中国（元数据 country）,英文名已核对：Sales Volume: Motorcycle: Two-Wheeled Motorcycles: 150ml < Swept Volume ≤ 250ml,中文核心统计对象未见明显冲突；仍需数值对账,年频；1996-12-31 至 2024-12-31；isUpdate=1,进入数值与发布日期对账,元数据 isUpdate 只表示更新状态；正式回测仍须检查观测级 publishDate。,
205,801880,S6137433,中国:销量:二轮摩托车(250-400mL),需求,当期值,下游,yellow,priority,2070814408,销量:摩托车:二轮摩托车:250ml<排量≤400ml,Sales Volume: Motorcycle: Two-Wheeled Motorcycles: 250ml < Swept Volume ≤ 400ml,年,辆,当期值,nan,中国,中国汽车工业年鉴,getEcoDataIndAutomobile,2010-12-31,2024-12-31,1,可直接替代,低,元数据未发现关键冲突,无明显元数据冲突,目标=broad；候选=中国（元数据 country）,英文名已核对：Sales Volume: Motorcycle: Two-Wheeled Motorcycles: 250ml < Swept Volume ≤ 400ml,中文核心统计对象未见明显冲突；仍需数值对账,年频；2010-12-31 至 2024-12-31；isUpdate=1,进入数值与发布日期对账,元数据 isUpdate 只表示更新状态；正式回测仍须检查观测级 publishDate。,
209,801880,S0041869,中国:新注册民用汽车数量:载货汽车(重型),需求,当期值,下游,blue,full,2070601566,民用汽车注册量:载货汽车:重型,Number of Registered Civillian Automobile: Truck: Heavy,年,万辆,当期值,nan,中国,国家统计局,getEcoDataIndAutomobile,2002-12-31,2024-12-31,1,仅补充,中,民用重型载货汽车注册保有量可反映存量，但不能代替新注册数量。,新增量/存量冲突,目标=broad；候选=中国（元数据 country）,名称对应,注册保有量≠新注册量,年频；2002-12-31 至 2024-12-31；isUpdate=1,作为新增解释变量，不替换原序列,元数据 isUpdate 只表示更新状态；正式回测仍须检查观测级 publishDate。,
214,801880,S6119113,中国:出口数量:商用车:当月同比,需求,同比,下游,green,full,2070201105,出口数量:汽车:商用车:柴油汽车:当月同比,Export Volume: Automobile: Commercial Vehicles: Diesel Vehicles: Month YoY,月,%,当期同比,全国,中国,Datayes!,getEcoDataIndAutomobile,2016-01-31,2023-12-31,1,仅补充,中,柴油商用车出口同比只是总商用车出口的动力类型子项。,动力类型子项,目标=broad；候选=broad,名称对应,柴油商用车⊂全部商用车,月频；2016-01-31 至 2023-12-31；isUpdate=1,作为新增解释变量，不替换原序列,元数据 isUpdate 只表示更新状态；正式回测仍须检查观测级 publishDate。,
214,801880,S6119113,中国:出口数量:商用车:当月同比,需求,同比,下游,green,full,2070201106,出口数量:汽车:商用车:汽油汽车:当月同比,Export Volume: Automobile: Commercial Vehicles: Gasoline Vehicles: Month YoY,月,%,当期同比,全国,中国,Datayes!,getEcoDataIndAutomobile,2016-01-31,2023-12-31,1,仅补充,中,汽油商用车出口同比只是总商用车出口的动力类型子项。,动力类型子项,目标=broad；候选=broad,名称对应,汽油商用车⊂全部商用车,月频；2016-01-31 至 2023-12-31；isUpdate=1,作为新增解释变量，不替换原序列,元数据 isUpdate 只表示更新状态；正式回测仍须检查观测级 publishDate。,
214,801880,S6119113,中国:出口数量:商用车:当月同比,需求,同比,下游,green,full,2070201113,出口数量:汽车:商用车:客车:当月同比,Export Volume: Automobile: Commercial Vehicles: Passenger Coaches: Month YoY,月,%,当期同比,全国,中国,Datayes!,getEcoDataIndAutomobile,2016-01-31,2023-12-31,1,仅补充,中,客车出口同比只是商用车出口的车型子项。,车型子项,目标=broad；候选=broad,名称对应,客车⊂全部商用车,月频；2016-01-31 至 2023-12-31；isUpdate=1,作为新增解释变量，不替换原序列,元数据 isUpdate 只表示更新状态；正式回测仍须检查观测级 publishDate。,
214,801880,S6119113,中国:出口数量:商用车:当月同比,需求,同比,下游,green,full,2070201114,出口数量:汽车:商用车:货车:当月同比,Export Volume: Automobile: Commercial Vehicles: Trucks: Month YoY,月,%,当期同比,全国,中国,Datayes!,getEcoDataIndAutomobile,2016-01-31,2023-12-31,1,仅补充,中,货车出口同比只是商用车出口的车型子项。,车型子项,目标=broad；候选=broad,名称对应,货车⊂全部商用车,月频；2016-01-31 至 2023-12-31；isUpdate=1,作为新增解释变量，不替换原序列,元数据 isUpdate 只表示更新状态；正式回测仍须检查观测级 publishDate。,
214,801880,S6119113,中国:出口数量:商用车:当月同比,需求,同比,下游,green,full,2070201115,出口数量:汽车:商用车:半挂牵引车:当月同比,Export Volume: Automobile: Commercial Vehicles: Semi-Trailer Towing Vehicles: Month YoY,月,%,当期同比,全国,中国,Datayes!,getEcoDataIndAutomobile,2016-01-31,2023-12-31,1,仅补充,中,半挂牵引车出口同比只是商用车出口的车型子项。,车型子项,目标=broad；候选=broad,名称对应,半挂牵引车⊂全部商用车,月频；2016-01-31 至 2023-12-31；isUpdate=1,作为新增解释变量，不替换原序列,元数据 isUpdate 只表示更新状态；正式回测仍须检查观测级 publishDate。,
215,801880,S6136074,中国:销量:大型客车,需求,当期值,下游,green,full,2070115683,客车销量:大型客车:环比,Sales Volume: Completed Passenger Coaches: Large Passenger Coaches: Percent Change from Preceding Period,月,%,当期环比,全国,中国,Datayes!,getEcoDataIndAutomobile,2003-01-31,2023-12-31,1,仅补充,中,大型客车销量环比只保留变化率，不能恢复销量水平。,统计口径冲突,目标=broad；候选=broad,名称对应,环比≠销量原值,月频；2003-01-31 至 2023-12-31；isUpdate=1,作为新增解释变量，不替换原序列,元数据 isUpdate 只表示更新状态；正式回测仍须检查观测级 publishDate。,
218,801110,O4783302,中国:销售金额:大家电:白电:空调:线下:当月值:同比,需求,同比,中游,yellow,full,2090102508,总销售额:中央空调:当月同比,Total Sales Volume: Central Air Conditioning: YoY,月,%,当期同比,nan,中国,Datayes!,getEcoDataIndElectronic,2012-01-31,2016-07-31,1,仅补充,高,中央空调总销售与线下家用白电空调销售的产品和渠道均不同。,黄色被下调；产品范围冲突；渠道冲突,目标=broad；候选=中国（元数据 country）,名称对应,中央空调≠家用空调；总销售≠线下销售,月频；2012-01-31 至 2016-07-31；isUpdate=1,作为新增解释变量，不替换原序列,元数据 isUpdate 只表示更新状态；正式回测仍须检查观测级 publishDate。,
223,801110,W5704008,中国:销售金额:大家电:黑电:彩电:线下:当月值:同比,需求,同比,中游,yellow,full,2090727388,国内家电线下市场:零售额:彩电:同比,,月,%,当期同比,nan,中国,Datayes!,getEcoDataIndElectronic,2019-01-31,2025-07-31,1,可直接替代,低,元数据未发现关键冲突,无明显元数据冲突,目标=broad；候选=broad,UQER 未提供英文名；已按中文名和说明复核,中文核心统计对象未见明显冲突；仍需数值对账,月频；2019-01-31 至 2025-07-31；isUpdate=1,进入数值与发布日期对账,元数据 isUpdate 只表示更新状态；正式回测仍须检查观测级 publishDate。,
225,801110,B3388236,中国:销售金额:小家电:厨房小家电:线上:当月值:同比,需求,同比,中游,green,full,2090727341,国内家电线上市场:零售额:小家电:同比,,月,%,当期同比,nan,中国,Datayes!,getEcoDataIndElectronic,2019-01-31,2025-07-31,1,近似替代,中,线上小家电零售额同比方向一致，但产品范围大于厨房小家电。,产品范围更宽,目标=broad；候选=broad,名称对应,厨房小家电⊂小家电,月频；2019-01-31 至 2025-07-31；isUpdate=1,分开保存；通过因子稳定性检验后再使用,元数据 isUpdate 只表示更新状态；正式回测仍须检查观测级 publishDate。,
225,801110,B3388236,中国:销售金额:小家电:厨房小家电:线上:当月值:同比,需求,同比,中游,green,full,2090727367,国内家电线上市场:零售额:小家电:当月值,,月,亿元,当期值,nan,中国,Datayes!,getEcoDataIndElectronic,2019-01-31,2024-09-30,1,仅补充,中,候选既扩大到全部小家电，又是零售额当月值而非同比。,产品范围更宽；统计口径冲突,目标=broad；候选=broad,名称对应,厨房小家电同比≠小家电销售额原值,月频；2019-01-31 至 2024-09-30；isUpdate=1,作为新增解释变量，不替换原序列,元数据 isUpdate 只表示更新状态；正式回测仍须检查观测级 publishDate。,
226,801110,X6324382,中国:销售金额:小家电:厨房小家电:线下:当月值:同比,需求,同比,中游,green,full,2090727340,国内家电线下市场:零售额:小家电:同比,,月,%,当期同比,nan,中国,Datayes!,getEcoDataIndElectronic,2019-01-31,2025-07-31,1,近似替代,中,线下渠道和同比口径一致，但候选覆盖全部小家电，不只厨房小家电。,产品范围更宽,目标=broad；候选=broad,名称对应,厨房小家电⊂小家电,月频；2019-01-31 至 2025-07-31；isUpdate=1,分开保存；通过因子稳定性检验后再使用,元数据 isUpdate 只表示更新状态；正式回测仍须检查观测级 publishDate。,
230,801130,M5786869,中国:存货:纺织服装、服饰业:同比,库存,同比,中游,yellow,priority,1020006590,工业企业:存货:纺织服装、服饰业:累计同比,Inventory: Textile and Apparel Industry: Cumulative YoY,月,%,累计同比,全国,中国,国家统计局,getEcoDataChina,2012-02-29,2026-06-30,1,近似替代,高,行业和同比方向一致，但 UQER 标注累计同比；需核对其是否为期末存货同比。,黄色被下调；累计/期末口径待核,目标=broad；候选=broad,名称对应,纺织服装服饰业存货一致,月频；2012-02-29 至 2026-06-30；isUpdate=1,分开保存；通过因子稳定性检验后再使用,元数据 isUpdate 只表示更新状态；正式回测仍须检查观测级 publishDate。,"从2011年起,规模以上工业企业起点标准由原来的年主营业务收入500万元提高到年主营业务收入2000万元。"
231,801130,M7071536,中国:出口金额:纺织制品:当月同比,需求,同比,上游,yellow,priority,2120200275,出口金额(美元):纺织纱线、织物及制品:当月同比,"Textile Yarns,Fabrics and Articles: Exportss Value: YoY",月,%,当期同比,全国,中国,海关总署,getEcoDataIndTextileclothing,1999-01-31,2025-10-31,1,可直接替代,低,元数据未发现关键冲突,无明显元数据冲突,目标=broad；候选=broad,"英文名已核对：Textile Yarns,Fabrics and Articles: Exportss Value: YoY",中文核心统计对象未见明显冲突；仍需数值对账,月频；1999-01-31 至 2025-10-31；isUpdate=1,进入数值与发布日期对账,元数据 isUpdate 只表示更新状态；正式回测仍须检查观测级 publishDate。,
232,801130,M0001456,中国:商品零售额:限额以上单位:服装鞋帽针纺织品类:当月同比(1-2月合并),需求,同比,下游,yellow,full,2200000456,全国百家重点大型零售企业商品零售额:服装:当月同比,Merchandise Sales of National Hundred Key Large-Scale Enterprise: Clothing: YoY,月,%,当期同比,nan,中国,中华全国商业信息中心,getEcoDataIndCommercialtrade,2007-04-30,2026-04-30,1,近似替代,高,全国百家重点大型零售企业服装销售可作高质量代理，但样本范围小于限额以上单位服装鞋帽针纺织品类。,黄色被下调；调查样本缩窄；品类缩窄,目标=broad；候选=broad,名称对应,服装零售代理，不含完整鞋帽针纺织品类,月频；2007-04-30 至 2026-04-30；isUpdate=1,分开保存；通过因子稳定性检验后再使用,元数据 isUpdate 只表示更新状态；正式回测仍须检查观测级 publishDate。,
246,801140,S0071022,中国:出口金额:家具及其零件:当月值,需求,当期值,下游,yellow,priority,2087008113,出口金额(美元):其他家具及其零件(9403):当月值,Export Value (USD): Other Furniture and Its Parts(9403): Current Month Value,月,美元,当期值,中国,中国,海关总署,getEcoDataIndMachineryequipment,2015-01-31,2026-06-30,1,近似替代,高,HS 9403 覆盖其他家具及零件，未包含所有家具相关 HS 子目。,黄色被下调；HS 范围可能缩窄,目标=broad；候选=broad,名称对应,家具及零件主体一致，海关品类范围需核,月频；2015-01-31 至 2026-06-30；isUpdate=1,分开保存；通过因子稳定性检验后再使用,元数据 isUpdate 只表示更新状态；正式回测仍须检查观测级 publishDate。,
247,801140,M0001459,中国:商品零售额:限额以上单位:体育、娱乐用品类:当月同比(1-2月合并),需求,同比,下游,yellow,full,2200800021,销售额:重点监测零售企业:体育娱乐用品:当月同比,Sales: Retail Enterprises under Intensive Monitoring: Sports and Entertainment Product: Month YoY,月,%,当期同比,全国,中国,商务部,getEcoDataIndCommercialtrade,2016-03-31,2021-02-28,1,近似替代,高,重点监测零售企业样本可反映体育娱乐用品需求，但不等于全部限额以上单位。,黄色被下调；调查样本缩窄,目标=broad；候选=broad,名称对应,体育娱乐用品一致,月频；2016-03-31 至 2021-02-28；isUpdate=1,分开保存；通过因子稳定性检验后再使用,元数据 isUpdate 只表示更新状态；正式回测仍须检查观测级 publishDate。,
252,801200,K8415957,海南:离岛免税购物金额:当月值,需求,当期值,中游,blue,full,2180708533,海南离岛免税:购物人次,Hainan Offshore Duty-Free: Number of Shoppers,月,万人,当期值,海南省,中国,海口海关,getEcoDataIndCateringtourism,2011-04-30,2026-06-30,1,仅补充,中,购物人次可解释客流，但购物金额还受客单价影响。,统计对象不同,目标=local；候选=local,名称对应,购物人次≠购物金额,月频；2011-04-30 至 2026-06-30；isUpdate=1,作为新增解释变量，不替换原序列,元数据 isUpdate 只表示更新状态；正式回测仍须检查观测级 publishDate。,
258,801120,S5200008,"中国:出厂价:茅台(53度,500ml)",价格,原始值,中游,yellow,priority,2110734936,经销商出厂价:白酒:21年飞天茅台(53度):500ml,,日,元/瓶,当期值,全国,中国,Datayes!,getEcoDataIndFoodbeverage,2021-01-23,2026-08-06,1,近似替代,高,53 度 500ml 飞天茅台规格一致，但 UQER 限定 21 年产品且标为经销商出厂价。,黄色被下调；年份/渠道口径更窄,目标=broad；候选=broad,名称对应,飞天茅台 53度 500ml 对应；限定 21 年,日频；2021-01-23 至 2026-08-06；isUpdate=1,分开保存；通过因子稳定性检验后再使用,元数据 isUpdate 只表示更新状态；正式回测仍须检查观测级 publishDate。,
259,801120,C0182527,中国:批发参考价:五粮液:1618,价格,原始值,中游,yellow,full,2110713182,五粮液:1618:批发价,Wu Liang Ye: 1618: Wholesale Price,日,元,当期值,nan,中国,Datayes!,getEcoDataIndFoodbeverage,2020-07-14,2021-08-03,1,可直接替代,低,元数据未发现关键冲突,无明显元数据冲突,目标=broad；候选=中国（元数据 country）,英文名已核对：Wu Liang Ye: 1618: Wholesale Price,中文核心统计对象未见明显冲突；仍需数值对账,日频；2020-07-14 至 2021-08-03；isUpdate=1,进入数值与发布日期对账,元数据 isUpdate 只表示更新状态；正式回测仍须检查观测级 publishDate。,
260,801120,S5200010,中国:出厂价:国窖1573:泸州老窖,价格,原始值,中游,green,full,2110718055,批发价:泸州老窖系列:国窖1573(52%vol 500ml),Wholesale Price: Luzhou Laojiao Series: Guojiao 1573 (52%vol 500ml),日,元,当期值,中国,中国,今日酒价,getEcoDataIndFoodbeverage,2021-02-20,2026-08-07,1,近似替代,中,国窖1573 产品对应，但候选是 52%vol 500ml 批发价，不是出厂价。,价格类型冲突；规格更明确,目标=broad；候选=broad,名称对应,国窖1573 52%vol 500ml；批发价≠出厂价,日频；2021-02-20 至 2026-08-07；isUpdate=1,分开保存；通过因子稳定性检验后再使用,元数据 isUpdate 只表示更新状态；正式回测仍须检查观测级 publishDate。,
267,801010,S0180935,期货结算价(活跃合约):CBOT玉米,价格,原始值,中游,yellow,full,1040001957,国际期货价格:CBOT:玉米,International Futures Prices: Corn (CBOT),周,美分/56磅,当期值,全国,中国,商务部,getEcoDataChina,2005-04-08,2026-07-31,1,近似替代,高,均反映 CBOT 玉米期货价格，但 UQER 是商务部周频国际期货报价，未明确活跃合约构造。,黄色被下调；合约构造未明确；频率降低,目标=unknown；候选=broad,名称对应,CBOT 玉米一致,周频；2005-04-08 至 2026-07-31；isUpdate=1,分开保存；通过因子稳定性检验后再使用,元数据 isUpdate 只表示更新状态；正式回测仍须检查观测级 publishDate。,
268,801010,S5007746,泰国:国际现货价:大米(25%),价格,原始值,中游,yellow,full,1040001935,国际现货价格:大米(25%),International Spot Price: Rice (25%),周,美元/吨,当期值,全国,中国,商务部,getEcoDataChina,2005-04-08,2026-07-31,1,近似替代,高,25% 大米国际现货价和单位一致，但 UQER 中文名未写明泰国，需用来源说明或数值对账确认产地。,黄色被下调；产地未明确,目标=unknown；候选=broad,名称对应,大米 25% 规格一致,周频；2005-04-08 至 2026-07-31；isUpdate=1,分开保存；通过因子稳定性检验后再使用,元数据 isUpdate 只表示更新状态；正式回测仍须检查观测级 publishDate。,
268,801010,S5007746,泰国:国际现货价:大米(25%),价格,原始值,中游,blue,priority,1040002101,国际现货价格:大米(25%),Average Monthly International Spot Price: Rice (25%),月,美元/吨,当期值,全国,中国,商务部,getEcoDataChina,2005-04-30,2026-07-31,1,仅补充,中,同为 25% 大米国际现货价，但月频平均值不能替代更高频原始报价，且产地未明确。,频率降低；产地未明确,目标=unknown；候选=broad,名称对应,大米 25% 规格一致,月频；2005-04-30 至 2026-07-31；isUpdate=1,作为新增解释变量，不替换原序列,元数据 isUpdate 只表示更新状态；正式回测仍须检查观测级 publishDate。,
270,801010,S0109325,中国:存栏数:生猪:同比,库存,同比,中游,yellow,full,2010101473,全国:生猪存栏:同比,National: Live Pigs: YoY,月,%,当期同比,nan,中国,中国农业农村部,getEcoDataIndAgricultural,2009-12-31,2026-06-30,1,可直接替代,低,元数据未发现关键冲突,无明显元数据冲突,目标=broad；候选=broad,英文名已核对：National: Live Pigs: YoY,中文核心统计对象未见明显冲突；仍需数值对账,月频；2009-12-31 至 2026-06-30；isUpdate=1,进入数值与发布日期对账,元数据 isUpdate 只表示更新状态；正式回测仍须检查观测级 publishDate。,
271,801010,S0181377,期货结算价(活跃合约):黄玉米/期货结算价(1月交割连续):玉米,价格,原始值,中游,green,full,2010723633,结算价:大商所:玉米期货价格指数,Settlement Price: Dalian Commodity Exchange: Corn Futures Price Index,日,点,当期值,全国,中国,大连商品交易所,getEcoDataIndAgricultural,2013-01-04,2026-08-07,1,仅补充,中,大商所玉米期货价格指数与活跃/指定交割月结算价相关，但合约构造不同。,合约构造不同,目标=unknown；候选=broad,名称对应,玉米期货相关代理,日频；2013-01-04 至 2026-08-07；isUpdate=1,作为新增解释变量，不替换原序列,元数据 isUpdate 只表示更新状态；正式回测仍须检查观测级 publishDate。,
273,801010,S0180962,期货结算价(活跃合约):CBOT大豆,价格,原始值,中游,yellow,full,1040001958,国际期货价格:CBOT:大豆,International Futures Prices: Soybean (CBOT),周,美分/60磅,当期值,全国,中国,商务部,getEcoDataChina,2005-04-08,2026-07-31,1,近似替代,高,均反映 CBOT 大豆期货价格，但 UQER 是商务部周频报价，未明确活跃合约构造。,黄色被下调；合约构造未明确；频率降低,目标=unknown；候选=broad,名称对应,CBOT 大豆一致,周频；2005-04-08 至 2026-07-31；isUpdate=1,分开保存；通过因子稳定性检验后再使用,元数据 isUpdate 只表示更新状态；正式回测仍须检查观测级 publishDate。,
275,801010,S0114187,中国:存栏数:能繁母猪,库存,当期值,中游,yellow,full,2010101474,全国:能繁母猪存栏,National: Breeding Sow Herd,月,万头,期末值,nan,中国,中国种猪信息网,getEcoDataIndAgricultural,2009-01-31,2026-06-30,1,可直接替代,低,元数据未发现关键冲突,无明显元数据冲突,目标=broad；候选=broad,英文名已核对：National: Breeding Sow Herd,中文核心统计对象未见明显冲突；仍需数值对账,月频；2009-01-31 至 2026-06-30；isUpdate=1,进入数值与发布日期对账,元数据 isUpdate 只表示更新状态；正式回测仍须检查观测级 publishDate。,
279,801010,S5065118,中国:预期盈利:肉鸡养殖,盈利,当期值,中游,yellow,full,2010004191,预期盈利:肉鸡(活鸡),Broilers (Live Chickens): Expected Profit,周,元/只,当期值,全国,中国,发改委,getEcoDataIndAgricultural,2016-01-13,2026-06-24,1,可直接替代,低,元数据未发现关键冲突,无明显元数据冲突,目标=broad；候选=broad,英文名已核对：Broilers (Live Chickens): Expected Profit,中文核心统计对象未见明显冲突；仍需数值对账,周频；2016-01-13 至 2026-06-24；isUpdate=1,进入数值与发布日期对账,元数据 isUpdate 只表示更新状态；正式回测仍须检查观测级 publishDate。,
281,801150,S9974731,中国:参考价:维生素E,价格,原始值,上游,green,full,2140000058,单价:维生素E:国产,Unit Price: Vitamin E: Domestic,日,元/千克,当期值,nan,中国,中国饲料工业协会,getEcoDataIndBiologicalmedicine,2012-03-16,2026-08-05,1,近似替代,中,维生素 E 国产单价与参考价方向一致，但未注明浓度、剂型和报价市场。,规格未明确,目标=broad；候选=中国（元数据 country）,维生素E=Vitamin E，对应正确,国产维生素E；浓度/剂型未知,日频；2012-03-16 至 2026-08-05；isUpdate=1,分开保存；通过因子稳定性检验后再使用,元数据 isUpdate 只表示更新状态；正式回测仍须检查观测级 publishDate。,
282,801150,S0106875,"中国:市场报价:维生素E(50%,国产)",价格,原始值,上游,green,full,2140000058,单价:维生素E:国产,Unit Price: Vitamin E: Domestic,日,元/千克,当期值,nan,中国,中国饲料工业协会,getEcoDataIndBiologicalmedicine,2012-03-16,2026-08-05,1,近似替代,中,同为国产维生素 E，但 UQER 未注明 50% 含量，不能确认完全同规格。,浓度规格未明确,目标=broad；候选=中国（元数据 country）,维生素E=Vitamin E，对应正确,目标 50%；候选浓度未知,日频；2012-03-16 至 2026-08-05；isUpdate=1,分开保存；通过因子稳定性检验后再使用,元数据 isUpdate 只表示更新状态；正式回测仍须检查观测级 publishDate。,
284,801150,S0270235,中国:出口金额:医药材及药品:当月值,需求,当期值,中游,yellow,full,2140200086,医药品:出口金额:当月值,Exports Value: Medical Products,月,万美元,当期值,nan,中国,海关总署,getEcoDataIndBiologicalmedicine,1998-01-31,2022-12-31,1,近似替代,高,医药品出口金额与医药材及药品高度相关，但品类边界需核对海关口径。,黄色被下调；品类范围待核,目标=broad；候选=中国（元数据 country）,名称对应,医药品与医药材及药品范围可能不完全一致,月频；1998-01-31 至 2022-12-31；isUpdate=1,分开保存；通过因子稳定性检验后再使用,元数据 isUpdate 只表示更新状态；正式回测仍须检查观测级 publishDate。,
285,801150,M0073705,中国:商品零售额:限额以上单位:中西药品类:当月同比(1-2月合并),需求,同比,下游,yellow,full,2200800024,销售额:重点监测零售企业:中西药品:当月同比,Sales: Retail Enterprises under Intensive Monitoring: Chinese and Western Medicine: Month YoY,月,%,当期同比,全国,中国,商务部,getEcoDataIndCommercialtrade,2016-03-31,2021-02-28,1,近似替代,高,中西药品类别一致，但重点监测零售企业样本小于全部限额以上单位。,黄色被下调；调查样本缩窄,目标=broad；候选=broad,名称对应,中西药品一致,月频；2016-03-31 至 2021-02-28；isUpdate=1,分开保存；通过因子稳定性检验后再使用,元数据 isUpdate 只表示更新状态；正式回测仍须检查观测级 publishDate。,
287,801150,S6273295,中药材价格指数:综合200,价格,指数,上游,yellow,full,2140000561,市场价格指数:中药材:综合200,Market Price Index: Composite 200,日,点,当期值,nan,中国,中药材天地网,getEcoDataIndBiologicalmedicine,2007-01-01,2026-08-06,1,可直接替代,低,元数据未发现关键冲突,无明显元数据冲突,目标=unknown；候选=中国（元数据 country）,英文名已核对：Market Price Index: Composite 200,中文核心统计对象未见明显冲突；仍需数值对账,日频；2007-01-01 至 2026-08-06；isUpdate=1,进入数值与发布日期对账,元数据 isUpdate 只表示更新状态；正式回测仍须检查观测级 publishDate。,
287,801150,S6273295,中药材价格指数:综合200,价格,指数,上游,yellow,priority,2140000919,市场价格指数:中药材:综合200,Market Price Index: Composite 200,年,点,当期值,nan,中国,中药材天地网,getEcoDataIndBiologicalmedicine,2007-12-31,2023-12-31,1,仅补充,高,指标定义同为中药材综合200价格指数，但年频会丢失原指数的高频变化。,黄色被下调；频率过低,目标=unknown；候选=中国（元数据 country）,名称对应,综合200指数一致,年频；2007-12-31 至 2023-12-31；isUpdate=1,作为新增解释变量，不替换原序列,元数据 isUpdate 只表示更新状态；正式回测仍须检查观测级 publishDate。,
288,801150,M7079239,中国:出口金额:人用疫苗:当月值,需求,当期值,中游,yellow,priority,2140906664,出口金额(美元):人用疫苗(300220):当月值,Export Value (USD): Human Vaccine(300220): Current Month Value,月,美元,当期值,中国,中国,海关总署,getEcoDataIndBiologicalmedicine,2015-01-31,2021-12-31,1,可直接替代,低,元数据未发现关键冲突,无明显元数据冲突,目标=broad；候选=broad,英文名已核对：Export Value (USD): Human Vaccine(300220): Current Month Value,中文核心统计对象未见明显冲突；仍需数值对账,月频；2015-01-31 至 2021-12-31；isUpdate=1,进入数值与发布日期对账,元数据 isUpdate 只表示更新状态；正式回测仍须检查观测级 publishDate。,"与HS编码""30022000""中文全称为""人用疫苗""相同"
291,801080,S5622083,中国:销售额:半导体:当月同比,需求,同比,中游,yellow,priority,2090715929,销售金额:半导体:中国:当月同比,Semiconductor: Sales: China: From This Month,月,%,当期同比,中国,中国,美国半导体行业协会,getEcoDataIndElectronic,2015-03-31,2026-06-30,1,可直接替代,低,元数据未发现关键冲突,无明显元数据冲突,目标=broad；候选=broad,英文名已核对：Semiconductor: Sales: China: From This Month,中文核心统计对象未见明显冲突；仍需数值对账,月频；2015-03-31 至 2026-06-30；isUpdate=1,进入数值与发布日期对账,元数据 isUpdate 只表示更新状态；正式回测仍须检查观测级 publishDate。,
292,801080,S5616804,美洲:销售额:半导体:当月同比,需求,同比,中游,yellow,priority,2090100273,销售金额:半导体:美洲:当月同比,Sales Amount: Semiconductor: America: YoY,月,%,当期同比,nan,美国,美国半导体行业协会,getEcoDataIndElectronic,1985-01-31,2026-06-30,1,可直接替代,低,元数据未发现关键冲突,无明显元数据冲突,目标=unknown；候选=unknown,英文名已核对：Sales Amount: Semiconductor: America: YoY,中文核心统计对象未见明显冲突；仍需数值对账,月频；1985-01-31 至 2026-06-30；isUpdate=1,进入数值与发布日期对账,元数据 isUpdate 只表示更新状态；正式回测仍须检查观测级 publishDate。,
293,801080,S5616806,日本:销售额:半导体:当月同比,需求,同比,中游,yellow,priority,2090100275,销售金额:半导体:日本:当月同比,Sales Amount: Semiconductor: Japan: YoY,月,%,当期同比,nan,美国,美国半导体行业协会,getEcoDataIndElectronic,1985-03-31,2026-06-30,1,可直接替代,低,元数据未发现关键冲突,无明显元数据冲突,目标=foreign；候选=foreign,英文名已核对：Sales Amount: Semiconductor: Japan: YoY,中文核心统计对象未见明显冲突；仍需数值对账,月频；1985-03-31 至 2026-06-30；isUpdate=1,进入数值与发布日期对账,元数据 isUpdate 只表示更新状态；正式回测仍须检查观测级 publishDate。,
294,801080,S5616803,全球:销售额:半导体:当月同比,需求,同比,中游,yellow,priority,2090100272,销售金额:半导体:全球:当月同比,Sales Amount: Semiconductor: Global: YoY,月,%,当期同比,nan,美国,美国半导体行业协会,getEcoDataIndElectronic,1985-01-31,2026-06-30,1,可直接替代,低,元数据未发现关键冲突,无明显元数据冲突,目标=broad；候选=broad,英文名已核对：Sales Amount: Semiconductor: Global: YoY,中文核心统计对象未见明显冲突；仍需数值对账,月频；1985-01-31 至 2026-06-30；isUpdate=1,进入数值与发布日期对账,元数据 isUpdate 只表示更新状态；正式回测仍须检查观测级 publishDate。,
295,801080,M7071788,中国:出口数量:印刷电路:当月同比,需求,同比,中游,yellow,full,2090200482,印刷电路:出口数量:当月同比,Printed Circuit: Exports Quantity: YoY,月,%,当期同比,nan,中国,海关总署,getEcoDataIndElectronic,2008-01-31,2026-06-30,1,可直接替代,低,元数据未发现关键冲突,无明显元数据冲突,目标=broad；候选=中国（元数据 country）,英文名已核对：Printed Circuit: Exports Quantity: YoY,中文核心统计对象未见明显冲突；仍需数值对账,月频；2008-01-31 至 2026-06-30；isUpdate=1,进入数值与发布日期对账,元数据 isUpdate 只表示更新状态；正式回测仍须检查观测级 publishDate。,
295,801080,M7071788,中国:出口数量:印刷电路:当月同比,需求,同比,中游,green,priority,2090723373,出口数量:四层以上的印刷电路(85340010):当月同比,Export Quantity: Printed Circuit With More Than Four Layers(85340010): Mom,月,%,当期同比,中国,中国,海关总署,getEcoDataIndElectronic,2018-01-31,2026-06-30,1,仅补充,中,四层以上印刷电路是全部印刷电路出口的子项。,产品范围缩窄,目标=broad；候选=broad,名称对应,四层以上 PCB⊂全部 PCB,月频；2018-01-31 至 2026-06-30；isUpdate=1,作为新增解释变量，不替换原序列,元数据 isUpdate 只表示更新状态；正式回测仍须检查观测级 publishDate。,
299,801080,S5600229,日本:出货额:半导体制造设备:当月同比,需求,同比,上游,yellow,priority,2090715942,日本:半导体制造设备:出货额:当月同比,Japan: Semiconductor Manufacturing Equipment: Shipment Value: Month-on-year,月,%,当期同比,日本,日本,日本半导体协会,getEcoDataIndElectronic,2005-01-31,2026-06-30,1,可直接替代,低,元数据未发现关键冲突,无明显元数据冲突,目标=foreign；候选=foreign,英文名已核对：Japan: Semiconductor Manufacturing Equipment: Shipment Value: Month-on-year,中文核心统计对象未见明显冲突；仍需数值对账,月频；2005-01-31 至 2026-06-30；isUpdate=1,进入数值与发布日期对账,元数据 isUpdate 只表示更新状态；正式回测仍须检查观测级 publishDate。,
303,801080,M7071770,中国:出口数量:印刷电路:当月同比,需求,同比,中游,yellow,full,2090200482,印刷电路:出口数量:当月同比,Printed Circuit: Exports Quantity: YoY,月,%,当期同比,nan,中国,海关总署,getEcoDataIndElectronic,2008-01-31,2026-06-30,1,可直接替代,低,元数据未发现关键冲突,无明显元数据冲突,目标=broad；候选=中国（元数据 country）,英文名已核对：Printed Circuit: Exports Quantity: YoY,中文核心统计对象未见明显冲突；仍需数值对账,月频；2008-01-31 至 2026-06-30；isUpdate=1,进入数值与发布日期对账,元数据 isUpdate 只表示更新状态；正式回测仍须检查观测级 publishDate。,
303,801080,M7071770,中国:出口数量:印刷电路:当月同比,需求,同比,中游,green,priority,2090723373,出口数量:四层以上的印刷电路(85340010):当月同比,Export Quantity: Printed Circuit With More Than Four Layers(85340010): Mom,月,%,当期同比,中国,中国,海关总署,getEcoDataIndElectronic,2018-01-31,2026-06-30,1,仅补充,中,四层以上印刷电路是全部印刷电路出口的子项。,产品范围缩窄,目标=broad；候选=broad,名称对应,四层以上 PCB⊂全部 PCB,月频；2018-01-31 至 2026-06-30；isUpdate=1,作为新增解释变量，不替换原序列,元数据 isUpdate 只表示更新状态；正式回测仍须检查观测级 publishDate。,
310,801080,Y6215371,全球:出货量:智能手机:苹果,需求,当期值,下游,green,full,2090714994,产量:智能手机:当月值,Output: Smart Phone: Current Value (Month),月,万台,当期值,全国,中国,国家统计局,getEcoDataIndElectronic,2016-03-31,2026-06-30,1,不可替代,高,目标是全球苹果智能手机出货量，候选是中国全部智能手机产量。,品牌冲突；地区冲突；出货/产量冲突,目标=broad；候选=broad,名称对应,苹果出货量≠全品牌智能手机产量,月频；2016-03-31 至 2026-06-30；isUpdate=1,移出替代映射；查看更优候选,元数据 isUpdate 只表示更新状态；正式回测仍须检查观测级 publishDate。,
321,801760,S6623763,中国:电影观影人次:当周值,需求,当期值,下游,yellow,priority,2100001815,全国电影票房人次:当周值,National Film Visitors,周,万人,当期值,全国,中国,艺恩数据,getEcoDataIndCulture,2008-01-13,2025-07-06,1,可直接替代,低,元数据未发现关键冲突,无明显元数据冲突,目标=broad；候选=broad,英文名已核对：National Film Visitors,中文核心统计对象未见明显冲突；仍需数值对账,周频；2008-01-13 至 2025-07-06；isUpdate=1,进入数值与发布日期对账,元数据 isUpdate 只表示更新状态；正式回测仍须检查观测级 publishDate。,
