mapping_row_id,wind_name,wind_code,industry_code,function_type,calculation_type,ValueChain_type,candidate_rank,candidate_strength,match_score,name_feature_recall,uqer_indic_id,uqer_name,uqer_frequency,uqer_unit,uqer_stat_type,uqer_region,uqer_source,uqer_api,uqer_begin_date,uqer_end_date,uqer_is_update,conflict_flag,人工审核结论,人工审核备注,审核提示
3,欧佩克:产量:原油,S5105044,801960,产量,当期值,上游,1,中等候选,0.652873,0.437373,2020749084,日本:产量:原油,月,千升,当期值,日本,日本石油协会,getEcoDataIndEnergy,2002/1/31,2026/5/31,1,否,,,自动召回候选；请重点核对地区、企业/行业总量、品种规格和当期/累计口径
9,中海油服:钻井服务日历天使用率,S0235576,801960,开工率,比率,上游,1,中等候选,0.641807,0.757791,2020709395,中海油服:日历天使用率:钻井服务:累计值,季,%,累计值,nan,上市公司公告,getEcoDataIndEnergy,2007/9/30,2024/3/31,1,否,,,自动召回候选；请重点核对地区、企业/行业总量、品种规格和当期/累计口径
11,现货离岸价(FOB):动力煤:澳大利亚纽卡斯尔/肯布拉港,S0048348,801950,价格,原始值,下游,1,中等候选,0.641554,0.721078,2020000630,离岸价(FOB):动力煤:澳大利亚纽卡斯尔港NEWCIndex(周),周,美元/吨,当期值,nan,Datayes!,getEcoDataIndEnergy,2008/5/16,2026/7/24,1,否,,,自动召回候选；请重点核对地区、企业/行业总量、品种规格和当期/累计口径
23,中国:产能:电解铝:当月值,S9986545,801050,产量,当期值,中游,1,中等候选,0.637177,0.523782,1020008684,产量:原铝(电解铝):当月值,月,万吨,当期值,全国,国家统计局,getEcoDataChina,2002/4/30,2026/6/30,1,否,,,自动召回候选；请重点核对地区、企业/行业总量、品种规格和当期/累计口径
24,中国:产能利用率:电解铝,S5811159,801050,开工率,比率,中游,1,中等候选,0.729644,0.689314,2030740829,红星发展:产能利用率:电解二氧化锰项目:累计值,年,%,累计值,nan,上市公司公告,getEcoDataIndChemical,2016/12/31,2025/12/31,1,否,,,自动召回候选；请重点核对地区、企业/行业总量、品种规格和当期/累计口径
45,中国:现货价:钛白粉(金红石型),S5470446,801030,价格,原始值,中游,1,中等候选,0.734059,0.872189,2030725762,市场价:钛白粉(金红石型(R2型)),月,元/吨,当期值,全国,Datayes!,getEcoDataIndChemical,2018/7/31,2026/6/30,1,否,,,自动召回候选；请重点核对地区、企业/行业总量、品种规格和当期/累计口径
49,中国:社会库存量:聚氯乙烯,S5471265,801030,库存,当期值,中游,1,中等候选,0.681799,0.554706,2030742179,潞化科技:库存量:聚氯乙烯:期末值,年,吨,期末值,nan,上市公司公告,getEcoDataIndChemical,2015/12/31,2025/12/31,1,否,,,自动召回候选；请重点核对地区、企业/行业总量、品种规格和当期/累计口径
51,中国:表观消费量:聚氯乙烯:当月值,S9987579,801030,需求,当期值,下游,1,中等候选,0.689069,0.527964,2030710542,进口数量:聚氯乙烯:当月值:江西,月,吨,当期值,江西省,Datayes!,getEcoDataIndChemical,2019/1/31,2026/6/30,1,否,,,自动召回候选；请重点核对地区、企业/行业总量、品种规格和当期/累计口径
58,中国:现货价:精对苯二甲酸,S5470301,801030,价格,原始值,中游,1,中等候选,0.714629,0.843183,2030725832,市场价:精对苯二甲酸(优等品),月,元/吨,当期值,全国,Datayes!,getEcoDataIndChemical,2018/7/31,2026/6/30,1,否,,,自动召回候选；请重点核对地区、企业/行业总量、品种规格和当期/累计口径
62,中国:华东地区:市场价(平均价):涤纶长丝(POY150D/48F),S5442372,801030,价格,原始值,中游,1,中等候选,0.613319,0.623265,2030725912,市场价:涤纶长丝(POY150D/48),月,元/吨,当期值,全国,Datayes!,getEcoDataIndChemical,2018/7/31,2026/6/30,1,否,,,自动召回候选；请重点核对地区、企业/行业总量、品种规格和当期/累计口径
72,中国:港口库存量:铁矿石,S0110152,801040,库存,当期值,上游,1,强候选,0.818835,0.759932,2040703677,港口库存量:铁矿石:合计:期末值,周,万吨,期末值,全国,Datayes!,getEcoDataIndSteel,2021/5/5,2026/8/5,1,否,,,自动召回候选；请重点核对地区、企业/行业总量、品种规格和当期/累计口径
73,"中国:价格:螺纹钢(HRB400E,20mm)",S5707798,801040,价格,原始值,中游,1,中等候选,0.650025,0.627713,1040005377,生产资料价格:钢材:螺纹钢:Φ20mmHRB400E:环比,月,%,当期环比,全国,发改委,getEcoDataChina,2015/5/31,2026/6/30,1,否,,,自动召回候选；请重点核对地区、企业/行业总量、品种规格和当期/累计口径
78,中国:出口数量:不锈钢:当月值,K1215458,801040,需求,当期值,下游,1,强候选,0.800207,0.676169,2040201927,出口数量:不锈钢丝(7223):当月值,月,千克,当期值,nan,海关总署,getEcoDataIndSteel,2010/1/31,2026/6/30,1,否,,,自动召回候选；请重点核对地区、企业/行业总量、品种规格和当期/累计口径
81,中国:库容比:水泥:当周值,V5932139,801710,库存,比率,中游,1,中等候选,0.614116,0.364076,2060809207,熟料库容比:全国:当周值,周,%,当期值,中国,Datayes!,getEcoDataIndBuildingmaterials,2013/8/2,2025/11/28,1,否,,,自动召回候选；请重点核对地区、企业/行业总量、品种规格和当期/累计口径
82,中国:水泥价格指数,S5914515,801710,价格,指数,中游,1,强候选,0.812208,0.696187,2060709427,水泥价格指数:中原,日,点,当期值,nan,中国水泥网,getEcoDataIndBuildingmaterials,2017/1/3,2025/12/8,1,否,,,自动召回候选；请重点核对地区、企业/行业总量、品种规格和当期/累计口径
84,中国:表观消费量:平板玻璃:当月值,S9987670,801710,需求,当期值,下游,1,中等候选,0.643478,0.436478,2060001291,出厂价:平板玻璃:当月值,月,元/重量箱,当期值,nan,发改委,getEcoDataIndBuildingmaterials,2009/2/28,2022/2/28,1,否,,,自动召回候选；请重点核对地区、企业/行业总量、品种规格和当期/累计口径
85,"中国:出口金额:玻璃纤维(包括玻璃棉)及其制品(例如,玻璃纤维纱线及其织物)(7019):当月同比",C1628024,801710,需求,同比,下游,1,中等候选,0.636879,0.379304,2060811216,出口金额(美元):玻璃纤维及其制品(7019):当月同比,月,%,当期同比,中国,海关总署,getEcoDataIndBuildingmaterials,2016/1/31,2026/6/30,1,否,,,自动召回候选；请重点核对地区、企业/行业总量、品种规格和当期/累计口径
94,中国:出口金额:机床:当月值,S0270271,801890,需求,当期值,下游,1,中等候选,0.70333,0.478072,2080619173,出口金额:机芯:电子:当月值,月,百万瑞士法郎,当期值,瑞士,瑞士钟表工业联合会,getEcoDataIndMachineryequipment,2012/7/31,2026/6/30,1,否,,,自动召回候选；请重点核对地区、企业/行业总量、品种规格和当期/累计口径
97,中国:存货:专用设备制造业:同比,M5786886,801890,库存,同比,中游,1,中等候选,0.769049,0.71729,1020006641,工业企业:存货:专用设备制造业:累计同比,月,%,累计同比,全国,国家统计局,getEcoDataChina,2012/2/29,2026/6/30,1,否,,,自动召回候选；请重点核对地区、企业/行业总量、品种规格和当期/累计口径
100,中国:出口价格指数:专用设备制造业:同比,M0045394,801890,价格,同比,下游,1,中等候选,0.58078,0.310171,2080617630,出口价格指数:装载机:同比,月,%,当期同比,全国,中国工程机械工业协会,getEcoDataIndMachineryequipment,2009/1/31,2018/3/31,1,否,,,自动召回候选；请重点核对地区、企业/行业总量、品种规格和当期/累计口径
101,中国:出口数量指数:专用设备制造业:同比,M0045439,801890,需求,同比,下游,1,中等候选,0.585255,0.433166,1020000283,出口交货值:专用设备制造业:累计同比,月,%,累计同比,全国,国家统计局,getEcoDataChina,2007/2/28,2026/6/30,1,否,,,自动召回候选；请重点核对地区、企业/行业总量、品种规格和当期/累计口径
104,中国:固定资产投资完成额:全国铁路:当月同比,S6426471,801890,需求,同比,下游,1,中等候选,0.618877,0.443602,1050000034,固定资产投资完成额:当月同比,月,%,当期同比,全国,Datayes!,getEcoDataChina,1993/4/30,2026/6/30,1,否,,,自动召回候选；请重点核对地区、企业/行业总量、品种规格和当期/累计口径
108,中国:出口数量:挖掘机:工程机械行业:当月同比,S6001315,801890,需求,同比,下游,1,中等候选,0.587877,0.281344,2080617293,出口金额:工程机械:当月同比,月,%,当期同比,全国,中国工程机械工业协会,getEcoDataIndMachineryequipment,2009/1/31,2024/2/29,1,否,,,自动召回候选；请重点核对地区、企业/行业总量、品种规格和当期/累计口径
109,中国:销量:装载机:主要企业:当月同比,S6002168,801890,需求,同比,下游,1,中等候选,0.682601,0.420428,2080111206,销量:装载机:当月同比,月,%,当期同比,全国,中国工程机械工业协会,getEcoDataIndMachineryequipment,2008/1/31,2026/6/30,1,否,,,自动召回候选；请重点核对地区、企业/行业总量、品种规格和当期/累计口径
111,中国:销量:叉车:主要企业:当月同比,S6002171,801890,需求,同比,下游,1,中等候选,0.648551,0.361521,2080111236,销量:叉车:当月同比,月,%,当期同比,全国,中国工程机械工业协会,getEcoDataIndMachineryequipment,2008/1/31,2026/6/30,1,否,,,自动召回候选；请重点核对地区、企业/行业总量、品种规格和当期/累计口径
115,中国:产量:服务机器人:当月同比,F8591283,801890,产量,同比,中游,1,中等候选,0.630959,0.480763,1020008750,产量:工业机器人:当月同比,月,%,当期同比,全国,国家统计局,getEcoDataChina,2016/3/31,2026/6/30,1,否,,,自动召回候选；请重点核对地区、企业/行业总量、品种规格和当期/累计口径
118,中国:出口金额:航空器、航天器及其零件(HS88章):当月值,M0053738,801740,需求,当期值,下游,1,中等候选,0.777032,0.565081,2087005761,出口金额(美元):航空器、航天器及其零件(88):当月值,月,美元,当期值,中国,海关总署,getEcoDataIndMachineryequipment,2015/1/31,2026/6/30,1,否,,,自动召回候选；请重点核对地区、企业/行业总量、品种规格和当期/累计口径
119,中国:新接船舶订单量:累计值,S6000031,801740,需求,累计值,下游,1,中等候选,0.5851,0.415569,2160029362,全国造船新订单量:累计值,月,万载重吨,累计值,nan,中国船舶工业行业协会,getEcoDataIndTraffictransport,2013/12/31,2026/3/31,1,否,,,自动召回候选；请重点核对地区、企业/行业总量、品种规格和当期/累计口径
120,中国:手持船舶订单量:累计值,S6000033,801740,需求,累计值,中游,1,中等候选,0.622736,0.463269,2160029363,全国造船手持订单量:累计值,月,万载重吨,累计值,nan,中国船舶工业行业协会,getEcoDataIndTraffictransport,2013/12/31,2026/3/31,1,否,,,自动召回候选；请重点核对地区、企业/行业总量、品种规格和当期/累计口径
131,中国:民航货邮运输量:当月同比,S0036037,801170,运输/流通,同比,下游,1,强候选,0.785297,0.627474,2160702614,春秋航空:货邮运输量:当月同比,月,%,当期同比,nan,上市公司公告,getEcoDataIndTraffictransport,2016/2/29,2026/5/31,1,否,,,自动召回候选；请重点核对地区、企业/行业总量、品种规格和当期/累计口径
140,南方航空:可用座公里:国内:当月值,S0044858,801170,产量,当期值,中游,1,强候选,0.826841,0.657818,2160001723,南方航空:可用客公里:国内航线:当月值,月,百万客公里,当期值,nan,上市公司公告,getEcoDataIndTraffictransport,2001/6/30,2026/6/30,1,否,,,自动召回候选；请重点核对地区、企业/行业总量、品种规格和当期/累计口径
141,东方航空:可用座公里:国内:当月值,S0048023,801170,产量,当期值,中游,1,强候选,0.781047,0.60861,2160702437,春秋航空:可用吨公里:国内:当月值,月,万吨公里,当期值,nan,上市公司公告,getEcoDataIndTraffictransport,2016/1/31,2026/5/31,1,否,,,自动召回候选；请重点核对地区、企业/行业总量、品种规格和当期/累计口径
145,波罗的海干散货指数(BDI),S0031550,801170,运输/流通,指数,中游,1,中等候选,0.586783,0.566806,2160000004,波罗的海运价指数:干散货(BDI),日,nan,当期值,nan,波罗的海航运交易所,getEcoDataIndTraffictransport,1988/10/19,2026/8/7,1,否,,,自动召回候选；请重点核对地区、企业/行业总量、品种规格和当期/累计口径
151,中国:发电装机容量:光伏:累计值,C7916637,801730,产量,累计值,下游,1,中等候选,0.65045,0.386392,2020657645,发电设备装机容量:风电:累计值,月,万千瓦,累计值,全国,中国电力企业联合会,getEcoDataIndEnergy,2008/12/31,2026/6/30,1,否,,,自动召回候选；请重点核对地区、企业/行业总量、品种规格和当期/累计口径
152,中国:发电装机容量:光伏:累计同比,N7394634,801730,产量,同比,下游,1,中等候选,0.643907,0.418297,2020766483,并网容量:光伏发电:累计同比,季,%,累计同比,全国,国家能源局,getEcoDataIndEnergy,2014/12/31,2026/3/31,1,否,,,自动召回候选；请重点核对地区、企业/行业总量、品种规格和当期/累计口径
154,中国:发电装机容量:累计同比,S5151670,801730,产量,同比,下游,1,中等候选,0.674125,0.583244,2020642081,发电装机容量:福建:合计:同比,年,%,当期同比,全国,中国电力年鉴,getEcoDataIndEnergy,2005/12/31,2022/12/31,1,否,,,自动召回候选；请重点核对地区、企业/行业总量、品种规格和当期/累计口径
162,中国:电网基本建设投资完成额:累计同比,S5108466,801730,需求,同比,下游,1,强候选,0.801726,0.615214,2020104982,电网基本建设工程投资完成:累计同比,月,%,累计同比,全国,中国电力企业联合会,getEcoDataIndEnergy,2009/12/31,2026/6/30,1,否,,,自动召回候选；请重点核对地区、企业/行业总量、品种规格和当期/累计口径
164,中国:电源基本建设投资完成额:累计同比,S5108461,801730,需求,同比,下游,1,中等候选,0.715496,0.467851,2020104982,电网基本建设工程投资完成:累计同比,月,%,累计同比,全国,中国电力企业联合会,getEcoDataIndEnergy,2009/12/31,2026/6/30,1,否,,,自动召回候选；请重点核对地区、企业/行业总量、品种规格和当期/累计口径
165,中国:电源基本建设投资完成额:太阳能:累计同比,A5699963,801730,需求,同比,下游,1,中等候选,0.652861,0.373699,2020104982,电网基本建设工程投资完成:累计同比,月,%,累计同比,全国,中国电力企业联合会,getEcoDataIndEnergy,2009/12/31,2026/6/30,1,否,,,自动召回候选；请重点核对地区、企业/行业总量、品种规格和当期/累计口径
166,中国:电源基本建设投资完成额:风电:累计同比,S5108465,801730,需求,同比,下游,1,中等候选,0.670811,0.399598,2020104982,电网基本建设工程投资完成:累计同比,月,%,累计同比,全国,中国电力企业联合会,getEcoDataIndEnergy,2009/12/31,2026/6/30,1,否,,,自动召回候选；请重点核对地区、企业/行业总量、品种规格和当期/累计口径
167,中国:30大中城市:成交面积:商品房,S2707380,801180,需求,当期值,中游,1,中等候选,0.603186,0.634439,2170926744,30大中城市:商品房成交面积,日,万平方米,当期值,nan,Datayes!,getEcoDataIndRealestate,2010/1/1,2026/8/6,1,否,,,自动召回候选；请重点核对地区、企业/行业总量、品种规格和当期/累计口径
185,中国:保费收入:保险公司:累计值,M0012260,801790,需求,累计值,中游,1,中等候选,0.735753,0.570751,1070005736,原保险保费收入:财产保险公司:意外险:累计值,月,亿元,累计值,中国,中国银行保险监督管理委员会,getEcoDataIndFinancialservices,2019/1/31,2026/6/30,1,否,,,自动召回候选；请重点核对地区、企业/行业总量、品种规格和当期/累计口径
190,"中国:日均销量(当周,厂家零售):乘用车:同比",S6126414,801880,需求,同比,下游,1,中等候选,0.672693,0.473816,2070928297,当周日均销量:乘用车:厂家零售:同比,周,%,当期同比,全国,全国乘用车市场信息联席会,getEcoDataIndAutomobile,2010/11/5,2026/7/31,1,否,,,自动召回候选；请重点核对地区、企业/行业总量、品种规格和当期/累计口径
191,"中国:日均销量(当周,厂家批发):乘用车:同比",S6126412,801880,需求,同比,下游,1,中等候选,0.674844,0.478393,2070928298,当周日均销量:乘用车:厂家批发:同比,周,%,当期同比,全国,全国乘用车市场信息联席会,getEcoDataIndAutomobile,2015/3/6,2026/7/31,1,否,,,自动召回候选；请重点核对地区、企业/行业总量、品种规格和当期/累计口径
196,中国:出口数量:乘用车:当月值,S0270095,801880,需求,当期值,下游,1,强候选,0.793351,0.626279,2070807133,韩国:汽车出口量:乘用车:当月值,月,辆,当期值,nan,Datayes!,getEcoDataIndAutomobile,1999/1/31,2026/6/30,1,否,,,自动召回候选；请重点核对地区、企业/行业总量、品种规格和当期/累计口径
197,中国:出口金额:汽车零配件:当月同比,M7071823,801880,需求,同比,上游,1,中等候选,0.639627,0.422768,2070200136,汽车零件:出口金额:当月同比,月,%,当期同比,nan,海关总署,getEcoDataIndAutomobile,1999/1/31,2026/6/30,1,否,,,自动召回候选；请重点核对地区、企业/行业总量、品种规格和当期/累计口径
198,中国:出口数量:汽车轮胎:当月值,S0270100,801880,需求,当期值,上游,1,中等候选,0.711112,0.498963,2070201003,出口数量:汽车:CKD:当月值,月,辆,当期值,全国,Datayes!,getEcoDataIndAutomobile,2016/1/31,2023/12/31,1,否,,,自动召回候选；请重点核对地区、企业/行业总量、品种规格和当期/累计口径
200,中国:出口数量:车用发动机:当月值,S0270099,801880,需求,当期值,上游,1,中等候选,0.640741,0.60796,2087013505,"出口数量:车用往复活塞发动机,排量≤50ml(840731):当月值",月,台,当期值,中国,海关总署,getEcoDataIndMachineryequipment,2015/1/31,2026/6/30,1,否,,,自动召回候选；请重点核对地区、企业/行业总量、品种规格和当期/累计口径
201,中国:出口金额:汽车轮胎:当月值,S0270299,801880,需求,当期值,上游,1,中等候选,0.608667,0.495791,2030715835,出口金额:小客车用新充气轮胎:当月值:江西,月,万美元,当期值,江西省,Datayes!,getEcoDataIndChemical,2019/1/31,2026/6/30,1,否,,,自动召回候选；请重点核对地区、企业/行业总量、品种规格和当期/累计口径
203,中国:出口金额:车用发动机:当月值,S0270298,801880,需求,当期值,上游,1,中等候选,0.61504,0.392521,2070934175,出口金额(美元):发动机罩盖(87082953):当月值,月,美元,当期值,中国,海关总署,getEcoDataIndAutomobile,2015/1/31,2026/6/30,1,否,,,自动召回候选；请重点核对地区、企业/行业总量、品种规格和当期/累计口径
204,中国:销量:二轮摩托车(150-250mL),S6000822,801880,需求,当期值,下游,1,强候选,0.815675,0.692108,2070814407,销量:摩托车:二轮摩托车:150ml<排量≤250ml,年,辆,当期值,nan,中国汽车工业年鉴,getEcoDataIndAutomobile,1996/12/31,2024/12/31,1,否,,,自动召回候选；请重点核对地区、企业/行业总量、品种规格和当期/累计口径
205,中国:销量:二轮摩托车(250-400mL),S6137433,801880,需求,当期值,下游,1,强候选,0.819525,0.7003,2070814408,销量:摩托车:二轮摩托车:250ml<排量≤400ml,年,辆,当期值,nan,中国汽车工业年鉴,getEcoDataIndAutomobile,2010/12/31,2024/12/31,1,否,,,自动召回候选；请重点核对地区、企业/行业总量、品种规格和当期/累计口径
214,中国:出口数量:商用车:当月同比,S6119113,801880,需求,同比,下游,1,强候选,0.795777,0.639951,2070201114,出口数量:汽车:商用车:货车:当月同比,月,%,当期同比,全国,Datayes!,getEcoDataIndAutomobile,2016/1/31,2023/12/31,1,否,,,自动召回候选；请重点核对地区、企业/行业总量、品种规格和当期/累计口径
215,中国:销量:大型客车,S6136074,801880,需求,当期值,下游,1,强候选,0.831294,0.786441,2070914030,中通客车:销量:大型客车:累计值,月,辆,累计值,nan,上市公司公告,getEcoDataIndAutomobile,2016/1/31,2025/12/31,1,否,,,自动召回候选；请重点核对地区、企业/行业总量、品种规格和当期/累计口径
216,中国:销量:客车(中型),S6103712,801880,需求,当期值,下游,1,强候选,0.791806,0.788764,2070920637,*ST亚星:销量:客车:中型客车:累计值,年,辆,累计值,nan,上市公司公告,getEcoDataIndAutomobile,2015/12/31,2023/12/31,1,否,,,自动召回候选；请重点核对地区、企业/行业总量、品种规格和当期/累计口径
220,中国:出口数量:冰箱:当月值,S0072043,801110,需求,当期值,下游,1,强候选,0.802171,0.634213,2090200914,出口数量:冰箱:非洲:当月值,月,台,当期值,nan,Datayes!,getEcoDataIndElectronic,2012/1/31,2016/8/31,1,否,,,自动召回候选；请重点核对地区、企业/行业总量、品种规格和当期/累计口径
221,中国:出口数量:空调:当月值,S0072018,801110,需求,当期值,下游,1,强候选,0.78308,0.634213,2090201064,出口数量:空调电机:非洲:当月值,月,台,当期值,nan,Datayes!,getEcoDataIndElectronic,2012/1/31,2016/8/31,1,否,,,自动召回候选；请重点核对地区、企业/行业总量、品种规格和当期/累计口径
222,中国:出口数量:洗衣机:当月值,S0072044,801110,需求,当期值,下游,1,强候选,0.835043,0.695128,2090200934,出口数量:洗衣机:非洲:当月值,月,台,当期值,nan,Datayes!,getEcoDataIndElectronic,2012/1/31,2016/8/31,1,否,,,自动召回候选；请重点核对地区、企业/行业总量、品种规格和当期/累计口径
230,中国:存货:纺织服装、服饰业:同比,M5786869,801130,库存,同比,中游,1,中等候选,0.775996,0.732071,1020006590,工业企业:存货:纺织服装、服饰业:累计同比,月,%,累计同比,全国,国家统计局,getEcoDataChina,2012/2/29,2026/6/30,1,否,,,自动召回候选；请重点核对地区、企业/行业总量、品种规格和当期/累计口径
231,中国:出口金额:纺织制品:当月同比,M7071536,801130,需求,同比,上游,1,中等候选,0.74395,0.564497,2120200275,出口金额(美元):纺织纱线、织物及制品:当月同比,月,%,当期同比,全国,海关总署,getEcoDataIndTextileclothing,1999/1/31,2025/10/31,1,否,,,自动召回候选；请重点核对地区、企业/行业总量、品种规格和当期/累计口径
233,中国:出口金额:服装:当月值,S0270252,801130,需求,当期值,下游,1,中等候选,0.724244,0.630888,2120604284,广州:出口金额(美元):服装及衣着附件:裘皮服装:当月值,月,万美元,当期值,广州市,广州海关,getEcoDataIndTextileclothing,2010/1/31,2026/6/30,1,否,,,自动召回候选；请重点核对地区、企业/行业总量、品种规格和当期/累计口径
236,中国:产量:自卡纸:当月值,S9986880,801140,产量,当期值,中游,1,中等候选,0.59972,0.29373,2130100016,产量:新闻纸:当月值,月,万吨,当期值,全国,国家统计局,getEcoDataIndLightmanufactue,1989/2/28,2023/12/31,1,否,,,自动召回候选；请重点核对地区、企业/行业总量、品种规格和当期/累计口径
237,中国:产量:双胶纸:当月值,S9986948,801140,产量,当期值,中游,1,中等候选,0.601181,0.296838,2130100016,产量:新闻纸:当月值,月,万吨,当期值,全国,国家统计局,getEcoDataIndLightmanufactue,1989/2/28,2023/12/31,1,否,,,自动召回候选；请重点核对地区、企业/行业总量、品种规格和当期/累计口径
239,中国:社会消费品零售总额:当月同比(1-2月合并),M0001428,801140,需求,同比,宏观,1,中等候选,0.700325,0.632607,1200900630,上海:社会消费品零售总额:当月同比,月,%,当期同比,上海市,上海市统计局,getEcoDataChinaRegion,2014/2/28,2026/6/30,1,否,,,自动召回候选；请重点核对地区、企业/行业总量、品种规格和当期/累计口径
246,中国:出口金额:家具及其零件:当月值,S0071022,801140,需求,当期值,下游,1,中等候选,0.693751,0.630912,2087008113,出口金额(美元):其他家具及其零件(9403):当月值,月,美元,当期值,中国,海关总署,getEcoDataIndMachineryequipment,2015/1/31,2026/6/30,1,否,,,自动召回候选；请重点核对地区、企业/行业总量、品种规格和当期/累计口径
249,中国:社会消费品零售总额:商品零售:当月同比(1-2月合并),M0061659,801200,需求,同比,中游,1,中等候选,0.673829,0.45141,2200000051,社会消费品零售总额:甘肃:当月同比,月,%,当期同比,甘肃省,国家统计局,getEcoDataIndCommercialtrade,1995/1/31,2023/11/30,1,否,,,自动召回候选；请重点核对地区、企业/行业总量、品种规格和当期/累计口径
253,中国:出口金额:一般贸易:当月值,M0009821,801200,需求,当期值,下游,1,中等候选,0.731403,0.683017,1200900666,上海:出口总额:一般贸易:当月值,月,亿元,当期值,上海市,上海市统计局,getEcoDataChinaRegion,2015/2/28,2026/6/30,1,否,,,自动召回候选；请重点核对地区、企业/行业总量、品种规格和当期/累计口径
254,中国:社会消费品零售总额:餐饮收入:当月同比(1-2月合并),M0061660,801210,需求,同比,中游,1,中等候选,0.596647,0.448378,1200900632,上海:社会消费品零售总额:住宿餐饮业:当月同比,月,%,当期同比,上海市,上海市统计局,getEcoDataChinaRegion,2014/2/28,2024/12/31,1,否,,,自动召回候选；请重点核对地区、企业/行业总量、品种规格和当期/累计口径
258,"中国:出厂价:茅台(53度,500ml)",S5200008,801120,价格,原始值,中游,1,中等候选,0.663893,0.78152,2110734936,经销商出厂价:白酒:21年飞天茅台(53度):500ml,日,元/瓶,当期值,全国,Datayes!,getEcoDataIndFoodbeverage,2021/1/23,2026/8/6,1,否,,,自动召回候选；请重点核对地区、企业/行业总量、品种规格和当期/累计口径
262,中国:进口平均单价:大麦:当月值,S0117045,801120,价格,当期值,上游,1,中等候选,0.714833,0.489006,2110200051,进口平均单价:食糖:当月值,月,美元/吨,均值,nan,Datayes!,getEcoDataIndFoodbeverage,1998/2/28,2026/6/30,1,否,,,自动召回候选；请重点核对地区、企业/行业总量、品种规格和当期/累计口径
265,中国:平均价:棕榈油,S0142919,801120,价格,原始值,上游,1,中等候选,0.589255,0.753735,1040002085,国内期货价格:棕榈油,月,元/吨,当期值,全国,商务部,getEcoDataChina,2009/7/31,2026/7/31,1,否,,,自动召回候选；请重点核对地区、企业/行业总量、品种规格和当期/累计口径
266,中国:社会消费品零售总额:餐饮收入:当月同比(1-2月合并),M0061660,801120,需求,同比,下游,1,中等候选,0.596647,0.448378,1200900632,上海:社会消费品零售总额:住宿餐饮业:当月同比,月,%,当期同比,上海市,上海市统计局,getEcoDataChinaRegion,2014/2/28,2024/12/31,1,否,,,自动召回候选；请重点核对地区、企业/行业总量、品种规格和当期/累计口径
268,泰国:国际现货价:大米(25%),S5007746,801010,价格,原始值,中游,1,中等候选,0.58878,0.697851,1040002101,国际现货价格:大米(25%),月,美元/吨,当期值,全国,商务部,getEcoDataChina,2005/4/30,2026/7/31,1,否,,,自动召回候选；请重点核对地区、企业/行业总量、品种规格和当期/累计口径
287,中药材价格指数:综合200,S6273295,801150,价格,指数,上游,1,中等候选,0.753832,0.637515,2140000919,市场价格指数:中药材:综合200,年,点,当期值,nan,中药材天地网,getEcoDataIndBiologicalmedicine,2007/12/31,2023/12/31,1,否,,,自动召回候选；请重点核对地区、企业/行业总量、品种规格和当期/累计口径
288,中国:出口金额:人用疫苗:当月值,M7079239,801150,需求,当期值,中游,1,中等候选,0.723771,0.545257,2140906664,出口金额(美元):人用疫苗(300220):当月值,月,美元,当期值,中国,海关总署,getEcoDataIndBiologicalmedicine,2015/1/31,2021/12/31,1,否,,,自动召回候选；请重点核对地区、企业/行业总量、品种规格和当期/累计口径
291,中国:销售额:半导体:当月同比,S5622083,801080,需求,同比,中游,1,强候选,0.842189,0.702693,2090715929,销售金额:半导体:中国:当月同比,月,%,当期同比,中国,美国半导体行业协会,getEcoDataIndElectronic,2015/3/31,2026/6/30,1,否,,,自动召回候选；请重点核对地区、企业/行业总量、品种规格和当期/累计口径
292,美洲:销售额:半导体:当月同比,S5616804,801080,需求,同比,中游,1,强候选,0.829856,0.676453,2090100273,销售金额:半导体:美洲:当月同比,月,%,当期同比,nan,美国半导体行业协会,getEcoDataIndElectronic,1985/1/31,2026/6/30,1,否,,,自动召回候选；请重点核对地区、企业/行业总量、品种规格和当期/累计口径
293,日本:销售额:半导体:当月同比,S5616806,801080,需求,同比,中游,1,强候选,0.828771,0.674145,2090100275,销售金额:半导体:日本:当月同比,月,%,当期同比,nan,美国半导体行业协会,getEcoDataIndElectronic,1985/3/31,2026/6/30,1,否,,,自动召回候选；请重点核对地区、企业/行业总量、品种规格和当期/累计口径
294,全球:销售额:半导体:当月同比,S5616803,801080,需求,同比,中游,1,强候选,0.827671,0.671804,2090100272,销售金额:半导体:全球:当月同比,月,%,当期同比,nan,美国半导体行业协会,getEcoDataIndElectronic,1985/1/31,2026/6/30,1,否,,,自动召回候选；请重点核对地区、企业/行业总量、品种规格和当期/累计口径
295,中国:出口数量:印刷电路:当月同比,M7071788,801080,需求,同比,中游,1,中等候选,0.721037,0.582402,2090723373,出口数量:四层以上的印刷电路(85340010):当月同比,月,%,当期同比,中国,海关总署,getEcoDataIndElectronic,2018/1/31,2026/6/30,1,否,,,自动召回候选；请重点核对地区、企业/行业总量、品种规格和当期/累计口径
297,台股营收:IC封装测试:累计同比,S5616734,801080,盈利,同比,中游,1,中等候选,0.614004,0.380859,2090703901,太极实业:封装测试:产量:累计同比,年,%,累计同比,nan,上市公司公告,getEcoDataIndElectronic,2016/12/31,2017/12/31,1,否,,,自动召回候选；请重点核对地区、企业/行业总量、品种规格和当期/累计口径
299,日本:出货额:半导体制造设备:当月同比,S5600229,801080,需求,同比,上游,1,强候选,0.807298,0.648506,2090715942,日本:半导体制造设备:出货额:当月同比,月,%,当期同比,日本,日本半导体协会,getEcoDataIndElectronic,2005/1/31,2026/6/30,1,否,,,自动召回候选；请重点核对地区、企业/行业总量、品种规格和当期/累计口径
300,台积电:营业收入:当月同比,S0182641,801080,盈利,同比,中游,1,强候选,0.783245,0.615138,2090702478,环旭电子:营业收入:当月同比,月,%,当期同比,nan,上市公司公告,getEcoDataIndElectronic,2015/6/30,2026/2/28,1,否,,,自动召回候选；请重点核对地区、企业/行业总量、品种规格和当期/累计口径
303,中国:出口数量:印刷电路:当月同比,M7071770,801080,需求,同比,中游,1,中等候选,0.721037,0.582402,2090723373,出口数量:四层以上的印刷电路(85340010):当月同比,月,%,当期同比,中国,海关总署,getEcoDataIndElectronic,2018/1/31,2026/6/30,1,否,,,自动召回候选；请重点核对地区、企业/行业总量、品种规格和当期/累计口径
304,台股营收:被动元件:当月值,S5616589,801080,盈利,当期值,中游,1,中等候选,0.696425,0.575863,2090100294,日本电子元件产值:被动元件:当月值,月,百万日元,当期值,nan,日本经济产业省,getEcoDataIndElectronic,2000/1/31,2026/5/31,1,否,,,自动召回候选；请重点核对地区、企业/行业总量、品种规格和当期/累计口径
306,台股营收:发光二极管:当月值,S5616571,801080,盈利,当期值,中游,1,中等候选,0.632521,0.46281,2090724491,进口数量:发光二极管(85414010):当月值,月,个,当期值,中国,海关总署,getEcoDataIndElectronic,2015/1/31,2021/12/31,1,否,,,自动召回候选；请重点核对地区、企业/行业总量、品种规格和当期/累计口径
309,中国:出货量:手机(国内品牌):当月值,S6504082,801080,需求,当期值,下游,1,中等候选,0.615282,0.311565,2090101592,出货量:数码相机:国内:当月值,月,台,当期值,nan,日本相机影像器材工业协会,getEcoDataIndElectronic,2001/8/31,2026/6/30,1,否,,,自动召回候选；请重点核对地区、企业/行业总量、品种规格和当期/累计口径
317,出货量:平板电脑面板:当月值,S5617378,801750,需求,当期值,上游,1,中等候选,0.641886,0.36817,2090101371,日本:出货量:国内平板电视:当月值,月,千件,当期值,nan,日本电子信息技术产业协会,getEcoDataIndElectronic,2009/1/31,2026/6/30,1,否,,,自动召回候选；请重点核对地区、企业/行业总量、品种规格和当期/累计口径
321,中国:电影观影人次:当周值,S6623763,801760,需求,当期值,下游,1,中等候选,0.730943,0.536822,2100001815,全国电影票房人次:当周值,周,万人,当期值,全国,艺恩数据,getEcoDataIndCulture,2008/1/13,2025/7/6,1,否,,,自动召回候选；请重点核对地区、企业/行业总量、品种规格和当期/累计口径
325,中国:电信主营业务收入:当月值,S6504990,801770,盈利,当期值,中游,1,中等候选,0.599521,0.293308,2090702477,环旭电子:营业收入:当月值,月,万元,当期值,nan,上市公司公告,getEcoDataIndElectronic,2015/1/31,2026/2/28,1,否,,,自动召回候选；请重点核对地区、企业/行业总量、品种规格和当期/累计口径
328,中国:出货量:手机:当月值,S6504042,801770,需求,当期值,下游,1,中等候选,0.672207,0.428101,2090101591,出货量:数码相机:当月值,月,台,当期值,nan,日本相机影像器材工业协会,getEcoDataIndElectronic,2001/8/31,2026/6/30,1,否,,,自动召回候选；请重点核对地区、企业/行业总量、品种规格和当期/累计口径
329,全球:出货量:智能手机:当季值,S5615837,801770,需求,当期值,下游,1,中等候选,0.624819,0.419344,2090726018,出货量:可穿戴设备:腕戴设备:智能手表:中国:当季值,季,万台,当期值,全国,IDC,getEcoDataIndElectronic,2021/6/30,2025/9/30,1,否,,,自动召回候选；请重点核对地区、企业/行业总量、品种规格和当期/累计口径