uqer_indic_id,uqer_api_name,observation_rows,period_start,period_end,publish_date_non_null_rows,has_observations
1010000013,EcoDataChinaGet,46,2015-03-31,2026-06-30,46,True
1010000022,EcoDataChinaGet,46,2015-03-31,2026-06-30,46,True
1010000025,EcoDataChinaGet,46,2015-03-31,2026-06-30,46,True
1010000026,EcoDataChinaGet,46,2015-03-31,2026-06-30,46,True
1010000047,EcoDataChinaGet,46,2015-03-31,2026-06-30,46,True
1010000049,EcoDataChinaGet,46,2015-03-31,2026-06-30,46,True
1010000050,EcoDataChinaGet,46,2015-03-31,2026-06-30,46,True
1010000059,EcoDataChinaGet,46,2015-03-31,2026-06-30,46,True
1010000061,EcoDataChinaGet,46,2015-03-31,2026-06-30,46,True
1010000062,EcoDataChinaGet,46,2015-03-31,2026-06-30,46,True
1010007671,EcoDataChinaGet,45,2015-03-31,2026-03-31,45,True
1010007673,EcoDataChinaGet,45,2015-03-31,2026-03-31,45,True
1010007992,EcoDataChinaGet,45,2015-03-31,2026-03-31,45,True
1010007993,EcoDataChinaGet,45,2015-03-31,2026-03-31,45,True
1010007994,EcoDataChinaGet,45,2015-03-31,2026-03-31,45,True
1010008406,EcoDataChinaGet,46,2015-03-31,2026-06-30,46,True
1010008420,EcoDataChinaGet,46,2015-03-31,2026-06-30,46,True
1010008421,EcoDataChinaGet,46,2015-03-31,2026-06-30,46,True
1010008423,EcoDataChinaGet,46,2015-03-31,2026-06-30,46,True
1010011707,EcoDataChinaGet,41,2016-03-31,2026-03-31,41,True
1010011708,EcoDataChinaGet,41,2016-03-31,2026-03-31,41,True
1010011709,EcoDataChinaGet,41,2016-03-31,2026-03-31,41,True
1010012050,EcoDataChinaGet,46,2015-03-31,2026-06-30,46,True
1010012052,EcoDataChinaGet,46,2015-03-31,2026-06-30,46,True
1010012054,EcoDataChinaGet,46,2015-03-31,2026-06-30,46,True
1010012056,EcoDataChinaGet,46,2015-03-31,2026-06-30,46,True
1010012058,EcoDataChinaGet,42,2016-03-31,2026-06-30,42,True
1010012060,EcoDataChinaGet,42,2016-03-31,2026-06-30,42,True
1010013683,EcoDataChinaGet,45,2015-03-31,2026-03-31,45,True
1010013685,EcoDataChinaGet,45,2015-03-31,2026-03-31,45,True
1010013814,EcoDataChinaGet,45,2015-03-31,2026-03-31,44,True
1010013815,EcoDataChinaGet,45,2015-03-31,2026-03-31,44,True
1010013816,EcoDataChinaGet,45,2015-03-31,2026-03-31,44,True
1010014281,EcoDataChinaGet,46,2015-03-31,2026-06-30,46,True
1010014283,EcoDataChinaGet,46,2015-03-31,2026-06-30,46,True
1010014286,EcoDataChinaGet,46,2015-03-31,2026-06-30,46,True
1010014297,EcoDataChinaGet,46,2015-03-31,2026-06-30,46,True
1010014299,EcoDataChinaGet,46,2015-03-31,2026-06-30,46,True
1010014302,EcoDataChinaGet,46,2015-03-31,2026-06-30,46,True
1010014341,EcoDataChinaGet,46,2015-03-31,2026-06-30,46,True
1010014342,EcoDataChinaGet,46,2015-03-31,2026-06-30,46,True
1010014344,EcoDataChinaGet,46,2015-03-31,2026-06-30,46,True
1010014347,EcoDataChinaGet,42,2016-03-31,2026-06-30,42,True
1010014353,EcoDataChinaGet,46,2015-03-31,2026-06-30,46,True
1010014354,EcoDataChinaGet,46,2015-03-31,2026-06-30,46,True
1010014356,EcoDataChinaGet,46,2015-03-31,2026-06-30,46,True
1010014359,EcoDataChinaGet,42,2016-03-31,2026-06-30,42,True
1010015483,EcoDataChinaGet,46,2015-03-31,2026-06-30,46,True
1010015484,EcoDataChinaGet,46,2015-03-31,2026-06-30,46,True
1010015487,EcoDataChinaGet,46,2015-03-31,2026-06-30,46,True
1010015488,EcoDataChinaGet,46,2015-03-31,2026-06-30,46,True
1010016038,EcoDataChinaGet,95,2015-03-31,2026-07-31,75,True
1010017937,EcoDataChinaGet,44,2015-09-30,2026-06-30,16,True
1010017940,EcoDataChinaGet,38,2017-03-31,2026-06-30,16,True
1010017949,EcoDataChinaGet,40,2016-09-30,2026-06-30,16,True
1010017950,EcoDataChinaGet,40,2016-09-30,2026-06-30,16,True
1010017964,EcoDataChinaGet,46,2015-03-31,2026-06-30,16,True
1010017967,EcoDataChinaGet,38,2017-03-31,2026-06-30,16,True
1010017976,EcoDataChinaGet,46,2015-03-31,2026-06-30,16,True
1010017977,EcoDataChinaGet,46,2015-03-31,2026-06-30,16,True
1020000130,EcoDataChinaGet,114,2015-03-31,2026-06-30,114,True
1020000131,EcoDataChinaGet,114,2015-03-31,2026-06-30,114,True
1020000137,EcoDataChinaGet,114,2015-03-31,2026-06-30,114,True
1020000138,EcoDataChinaGet,114,2015-03-31,2026-06-30,114,True
1020000139,EcoDataChinaGet,114,2015-03-31,2026-06-30,114,True
1020000142,EcoDataChinaGet,114,2015-03-31,2026-06-30,114,True
1020000144,EcoDataChinaGet,114,2015-03-31,2026-06-30,114,True
1020000145,EcoDataChinaGet,114,2015-03-31,2026-06-30,114,True
1020000146,EcoDataChinaGet,114,2015-03-31,2026-06-30,114,True
1020000148,EcoDataChinaGet,114,2015-03-31,2026-06-30,114,True
1020000151,EcoDataChinaGet,114,2015-03-31,2026-06-30,114,True
1020000154,EcoDataChinaGet,114,2015-03-31,2026-06-30,114,True
1020000160,EcoDataChinaGet,114,2015-03-31,2026-06-30,114,True
1020000161,EcoDataChinaGet,114,2015-03-31,2026-06-30,114,True
1020000171,EcoDataChinaGet,114,2015-03-31,2026-06-30,114,True
1020000172,EcoDataChinaGet,114,2015-03-31,2026-06-30,114,True
1020000178,EcoDataChinaGet,114,2015-03-31,2026-06-30,114,True
1020000179,EcoDataChinaGet,114,2015-03-31,2026-06-30,114,True
1020000180,EcoDataChinaGet,114,2015-03-31,2026-06-30,114,True
1020000183,EcoDataChinaGet,114,2015-03-31,2026-06-30,114,True
1020000185,EcoDataChinaGet,114,2015-03-31,2026-06-30,114,True
1020000186,EcoDataChinaGet,114,2015-03-31,2026-06-30,114,True
1020000187,EcoDataChinaGet,114,2015-03-31,2026-06-30,114,True
1020000189,EcoDataChinaGet,114,2015-03-31,2026-06-30,114,True
1020000192,EcoDataChinaGet,114,2015-03-31,2026-06-30,114,True
1020000195,EcoDataChinaGet,114,2015-03-31,2026-06-30,114,True
1020000201,EcoDataChinaGet,114,2015-03-31,2026-06-30,114,True
1020000202,EcoDataChinaGet,114,2015-03-31,2026-06-30,114,True
1020000617,EcoDataChinaGet,126,2015-02-28,2026-06-30,126,True
1020000667,EcoDataChinaGet,126,2015-02-28,2026-06-30,126,True
1020000837,EcoDataChinaGet,126,2015-02-28,2026-06-30,126,True
1020000838,EcoDataChinaGet,126,2015-02-28,2026-06-30,126,True
1020000848,EcoDataChinaGet,126,2015-02-28,2026-06-30,126,True
1020000857,EcoDataChinaGet,126,2015-02-28,2026-06-30,126,True
1020000861,EcoDataChinaGet,126,2015-02-28,2026-06-30,126,True
1020000917,EcoDataChinaGet,126,2015-02-28,2026-06-30,126,True
1020000918,EcoDataChinaGet,126,2015-02-28,2026-06-30,126,True
1020000928,EcoDataChinaGet,126,2015-02-28,2026-06-30,126,True
1020000930,EcoDataChinaGet,126,2015-02-28,2026-06-30,126,True
1020000931,EcoDataChinaGet,126,2015-02-28,2026-06-30,126,True
1020000934,EcoDataChinaGet,126,2015-02-28,2026-06-30,126,True
1020000937,EcoDataChinaGet,126,2015-02-28,2026-06-30,126,True
1020000941,EcoDataChinaGet,126,2015-02-28,2026-06-30,126,True
1020001545,EcoDataChinaGet,115,2015-02-28,2026-06-30,115,True
1020001554,EcoDataChinaGet,115,2015-02-28,2026-06-30,115,True
1020001555,EcoDataChinaGet,115,2015-02-28,2026-06-30,115,True
1020001557,EcoDataChinaGet,115,2015-02-28,2026-06-30,115,True
1020001568,EcoDataChinaGet,115,2015-02-28,2026-06-30,115,True
1020001569,EcoDataChinaGet,115,2015-02-28,2026-06-30,115,True
1020001570,EcoDataChinaGet,115,2015-02-28,2026-06-30,115,True
1020001585,EcoDataChinaGet,115,2015-02-28,2026-06-30,115,True
1020001586,EcoDataChinaGet,115,2015-02-28,2026-06-30,115,True
1020001593,EcoDataChinaGet,115,2015-02-28,2026-06-30,115,True
1020001596,EcoDataChinaGet,115,2015-02-28,2026-06-30,115,True
1020001598,EcoDataChinaGet,115,2015-02-28,2026-06-30,115,True
1020001606,EcoDataChinaGet,115,2015-02-28,2026-06-30,115,True
1020001631,EcoDataChinaGet,115,2015-02-28,2026-06-30,115,True
1020005915,EcoDataChinaGet,117,2015-10-31,2026-06-30,117,True
1020006161,EcoDataChinaGet,126,2015-02-28,2026-06-30,126,True
1020006267,EcoDataChinaGet,126,2015-02-28,2026-06-30,126,True
1020006393,EcoDataChinaGet,126,2015-02-28,2026-06-30,126,True
1020006519,EcoDataChinaGet,126,2015-02-28,2026-06-30,126,True
1020006645,EcoDataChinaGet,126,2015-02-28,2026-06-30,126,True
1020006771,EcoDataChinaGet,126,2015-02-28,2026-06-30,126,True
1020007119,EcoDataChinaGet,115,2016-02-29,2026-06-30,115,True
1020007905,EcoDataChinaGet,126,2015-02-28,2026-06-30,126,True
1020008190,EcoDataChinaGet,126,2015-02-28,2026-06-30,126,True
1020008193,EcoDataChinaGet,126,2015-02-28,2026-06-30,126,True
1020008226,EcoDataChinaGet,126,2015-02-28,2026-06-30,126,True
1020008232,EcoDataChinaGet,126,2015-02-28,2026-06-30,126,True
1020008235,EcoDataChinaGet,126,2015-02-28,2026-06-30,126,True
1020008238,EcoDataChinaGet,126,2015-02-28,2026-06-30,126,True
1020008244,EcoDataChinaGet,126,2015-02-28,2026-06-30,126,True
1020008253,EcoDataChinaGet,126,2015-02-28,2026-06-30,126,True
1020008262,EcoDataChinaGet,126,2015-02-28,2026-06-30,126,True
1020008283,EcoDataChinaGet,126,2015-02-28,2026-06-30,126,True
1020008409,EcoDataChinaGet,126,2015-02-28,2026-06-30,126,True
1020008655,EcoDataChinaGet,115,2015-02-28,2026-06-30,115,True
1020008661,EcoDataChinaGet,115,2015-02-28,2026-06-30,115,True
1020008681,EcoDataChinaGet,115,2015-02-28,2026-06-30,115,True
1020008682,EcoDataChinaGet,115,2015-02-28,2026-06-30,115,True
1020008693,EcoDataChinaGet,104,2016-03-31,2026-06-30,104,True
1020008694,EcoDataChinaGet,115,2015-02-28,2026-06-30,115,True
1020008695,EcoDataChinaGet,115,2015-02-28,2026-06-30,115,True
1020008700,EcoDataChinaGet,115,2015-02-28,2026-06-30,115,True
1020008711,EcoDataChinaGet,115,2015-02-28,2026-06-30,115,True
1020008741,EcoDataChinaGet,115,2015-02-28,2026-06-30,115,True
1020010169,EcoDataChinaGet,104,2017-02-28,2026-06-30,104,True
1020010170,EcoDataChinaGet,104,2017-02-28,2026-06-30,104,True
1020010181,EcoDataChinaGet,104,2017-02-28,2026-06-30,104,True
1020010183,EcoDataChinaGet,104,2017-02-28,2026-06-30,104,True
1020010184,EcoDataChinaGet,104,2017-02-28,2026-06-30,104,True
1020010185,EcoDataChinaGet,104,2017-02-28,2026-06-30,104,True
1020010187,EcoDataChinaGet,104,2017-02-28,2026-06-30,104,True
1020010190,EcoDataChinaGet,104,2017-02-28,2026-06-30,104,True
1020010193,EcoDataChinaGet,104,2017-02-28,2026-06-30,104,True
1020010273,EcoDataChinaGet,104,2017-02-28,2026-06-30,104,True
1020010283,EcoDataChinaGet,104,2017-02-28,2026-06-30,104,True
1020010285,EcoDataChinaGet,104,2017-02-28,2026-06-30,104,True
1020010419,EcoDataChinaGet,104,2017-02-28,2026-06-30,104,True
1020010425,EcoDataChinaGet,104,2017-02-28,2026-06-30,104,True
1020021161,EcoDataChinaGet,46,2015-03-31,2026-06-30,46,True
1020021179,EcoDataChinaGet,46,2015-03-31,2026-06-30,46,True
1020021235,EcoDataChinaGet,104,2016-03-31,2026-06-30,104,True
1020021369,EcoDataChinaGet,126,2015-02-28,2026-06-30,0,True
1030000129,EcoDataChinaGet,42,2016-03-31,2026-06-30,38,True
1030000130,EcoDataChinaGet,42,2016-03-31,2026-06-30,38,True
1030000131,EcoDataChinaGet,42,2016-03-31,2026-06-30,38,True
1030000164,EcoDataChinaGet,44,2015-03-31,2025-12-31,41,True
1030000169,EcoDataChinaGet,44,2015-03-31,2025-12-31,41,True
1030000181,EcoDataChinaGet,44,2015-03-31,2025-12-31,41,True
1030000182,EcoDataChinaGet,38,2015-03-31,2025-12-31,35,True
1030000183,EcoDataChinaGet,44,2015-03-31,2025-12-31,44,True
1030000184,EcoDataChinaGet,44,2015-03-31,2025-12-31,41,True
1030000186,EcoDataChinaGet,44,2015-03-31,2025-12-31,41,True
1030000187,EcoDataChinaGet,44,2015-03-31,2025-12-31,41,True
1030000188,EcoDataChinaGet,44,2015-03-31,2025-12-31,41,True
1030000473,EcoDataChinaGet,42,2016-03-31,2026-06-30,38,True
1030000475,EcoDataChinaGet,42,2016-03-31,2026-06-30,38,True
1030000476,EcoDataChinaGet,42,2016-03-31,2026-06-30,38,True
1030000533,EcoDataChinaGet,42,2016-03-31,2026-06-30,38,True
1030000535,EcoDataChinaGet,42,2016-03-31,2026-06-30,38,True
1030000536,EcoDataChinaGet,42,2016-03-31,2026-06-30,42,True
1030000727,EcoDataChinaGet,139,2015-01-31,2026-07-31,139,True
1030000729,EcoDataChinaGet,139,2015-01-31,2026-07-31,139,True
1030001005,EcoDataChinaGet,44,2015-03-31,2025-12-31,41,True
1030002264,EcoDataChinaGet,46,2015-03-31,2026-06-30,41,True
1030002280,EcoDataChinaGet,42,2015-09-30,2025-12-31,39,True
1030002380,EcoDataChinaGet,54,2016-08-31,2026-02-28,44,True
1040000057,EcoDataChinaGet,139,2015-01-31,2026-07-31,139,True
1040000869,EcoDataChinaGet,139,2015-01-31,2026-07-31,139,True
1040000979,EcoDataChinaGet,139,2015-01-31,2026-07-31,139,True
1040000980,EcoDataChinaGet,139,2015-01-31,2026-07-31,139,True
1040001861,EcoDataChinaGet,603,2015-01-02,2026-08-07,603,True
1040001870,EcoDataChinaGet,603,2015-01-02,2026-08-07,603,True
1040001906,EcoDataChinaGet,602,2015-01-02,2026-08-07,602,True
1040001908,EcoDataChinaGet,603,2015-01-02,2026-08-07,603,True
1040001909,EcoDataChinaGet,603,2015-01-02,2026-08-07,603,True
1040001910,EcoDataChinaGet,603,2015-01-02,2026-08-07,603,True
1040001912,EcoDataChinaGet,594,2015-01-02,2026-08-07,594,True
1040001913,EcoDataChinaGet,594,2015-01-02,2026-08-07,594,True
1040001914,EcoDataChinaGet,594,2015-01-02,2026-08-07,594,True
1040001915,EcoDataChinaGet,594,2015-01-02,2026-08-07,594,True
1040001918,EcoDataChinaGet,594,2015-01-02,2026-08-07,594,True
1040001919,EcoDataChinaGet,594,2015-01-02,2026-08-07,594,True
1040001943,EcoDataChinaGet,589,2015-01-02,2026-07-31,589,True
1040001948,EcoDataChinaGet,589,2015-01-02,2026-07-31,589,True
1040001962,EcoDataChinaGet,574,2015-01-01,2026-08-07,574,True
1040001963,EcoDataChinaGet,574,2015-01-01,2026-08-07,574,True
1040001966,EcoDataChinaGet,574,2015-01-01,2026-08-07,574,True
1040001967,EcoDataChinaGet,573,2015-01-01,2026-08-07,573,True
1040001968,EcoDataChinaGet,574,2015-01-01,2026-08-07,574,True
1040001969,EcoDataChinaGet,573,2015-01-01,2026-08-07,573,True
1040001980,EcoDataChinaGet,574,2015-01-01,2026-08-07,574,True
1040001981,EcoDataChinaGet,574,2015-01-01,2026-08-07,574,True
1040001988,EcoDataChinaGet,574,2015-01-01,2026-08-07,574,True
1040001999,EcoDataChinaGet,574,2015-01-01,2026-08-07,574,True
1040002004,EcoDataChinaGet,574,2015-01-01,2026-08-07,574,True
1040002005,EcoDataChinaGet,574,2015-01-01,2026-08-07,574,True
1040002007,EcoDataChinaGet,574,2015-01-01,2026-08-07,574,True
1040002009,EcoDataChinaGet,549,2015-01-02,2026-08-07,548,True
1040002010,EcoDataChinaGet,587,2015-01-02,2026-08-07,587,True
1040002011,EcoDataChinaGet,587,2015-01-02,2026-08-07,587,True
1040002014,EcoDataChinaGet,458,2015-01-02,2026-07-31,447,True
1040002016,EcoDataChinaGet,588,2015-01-02,2026-07-31,588,True
1040002017,EcoDataChinaGet,588,2015-01-02,2026-07-31,588,True
1040002018,EcoDataChinaGet,588,2015-01-02,2026-07-31,588,True
1040002019,EcoDataChinaGet,588,2015-01-02,2026-07-31,588,True
1040002020,EcoDataChinaGet,589,2015-01-02,2026-07-31,589,True
1040002021,EcoDataChinaGet,589,2015-01-02,2026-07-31,589,True
1040005215,EcoDataChinaGet,586,2015-01-09,2026-07-31,586,True
1040005216,EcoDataChinaGet,588,2015-01-02,2026-07-31,588,True
1040005219,EcoDataChinaGet,586,2015-01-02,2026-07-31,586,True
1040005221,EcoDataChinaGet,585,2015-01-02,2026-07-31,585,True
1040005222,EcoDataChinaGet,585,2015-01-02,2026-07-31,585,True
1040005223,EcoDataChinaGet,585,2015-01-02,2026-07-31,585,True
1040005227,EcoDataChinaGet,588,2015-01-02,2026-07-31,588,True
1040005228,EcoDataChinaGet,588,2015-01-02,2026-07-31,588,True
1040005229,EcoDataChinaGet,585,2015-01-02,2026-07-31,585,True
1040005237,EcoDataChinaGet,139,2015-01-31,2026-07-31,139,True
1040005361,EcoDataChinaGet,84,2015-05-31,2026-06-30,83,True
1040005382,EcoDataChinaGet,84,2015-05-31,2026-06-30,84,True
1040005391,EcoDataChinaGet,84,2015-05-31,2026-06-30,84,True
1040005397,EcoDataChinaGet,84,2015-05-31,2026-06-30,84,True
1040005400,EcoDataChinaGet,84,2015-05-31,2026-06-30,84,True
1040005406,EcoDataChinaGet,84,2015-05-31,2026-06-30,84,True
1040005409,EcoDataChinaGet,84,2015-05-31,2026-06-30,84,True
1040005412,EcoDataChinaGet,84,2015-05-31,2026-06-30,84,True
1040005421,EcoDataChinaGet,84,2015-05-31,2026-06-30,84,True
1040005427,EcoDataChinaGet,84,2015-05-31,2026-06-30,84,True
1040005433,EcoDataChinaGet,84,2015-05-31,2026-06-30,84,True
1040005436,EcoDataChinaGet,84,2015-05-31,2026-06-30,84,True
1040005442,EcoDataChinaGet,84,2015-05-31,2026-06-30,84,True
1040005445,EcoDataChinaGet,84,2015-05-31,2026-06-30,84,True
1040005448,EcoDataChinaGet,84,2015-05-31,2026-06-30,84,True
1040005451,EcoDataChinaGet,84,2015-05-31,2026-06-30,84,True
1040005472,EcoDataChinaGet,84,2015-05-31,2026-06-30,84,True
1040005475,EcoDataChinaGet,84,2015-05-31,2026-06-30,84,True
1040005478,EcoDataChinaGet,84,2015-05-31,2026-06-30,84,True
1040005481,EcoDataChinaGet,84,2015-05-31,2026-06-30,84,True
1040005484,EcoDataChinaGet,84,2015-05-31,2026-06-30,84,True
1040005487,EcoDataChinaGet,84,2015-05-31,2026-06-30,84,True
1040015368,EcoDataChinaGet,427,2017-03-19,2026-08-02,425,True
1040015369,EcoDataChinaGet,427,2017-03-19,2026-07-19,425,True
1040015371,EcoDataChinaGet,452,2017-03-19,2026-08-02,451,True
1040015372,EcoDataChinaGet,452,2017-03-19,2026-08-02,451,True
1040015373,EcoDataChinaGet,450,2017-03-19,2026-08-02,449,True
1040015375,EcoDataChinaGet,451,2017-03-19,2026-08-02,450,True
1040015378,EcoDataChinaGet,452,2017-03-19,2026-08-02,451,True
1040015380,EcoDataChinaGet,452,2017-03-19,2026-08-02,451,True
1040015389,EcoDataChinaGet,452,2017-03-19,2026-08-02,451,True
1040015390,EcoDataChinaGet,452,2017-03-19,2026-08-02,451,True
1040015392,EcoDataChinaGet,452,2017-03-19,2026-08-02,451,True
1040015395,EcoDataChinaGet,46,2015-03-31,2026-06-30,30,True
1040015396,EcoDataChinaGet,46,2015-03-31,2026-06-30,30,True
1040015524,EcoDataChinaGet,139,2015-01-31,2026-07-31,139,True
1040018933,EcoDataChinaGet,139,2015-01-31,2026-07-31,139,True
1040018939,EcoDataChinaGet,139,2015-01-31,2026-07-31,139,True
1040018940,EcoDataChinaGet,139,2015-01-31,2026-07-31,139,True
1040018941,EcoDataChinaGet,139,2015-01-31,2026-07-31,139,True
1040018945,EcoDataChinaGet,139,2015-01-31,2026-07-31,139,True
1040018946,EcoDataChinaGet,103,2018-01-31,2026-07-31,103,True
1040020165,EcoDataChinaGet,3876,2016-01-01,2026-08-11,3876,True
1040024019,EcoDataChinaGet,392,2018-10-19,2026-08-07,0,True
1040024020,EcoDataChinaGet,556,2015-04-17,2026-08-07,0,True
1040024021,EcoDataChinaGet,550,2016-01-01,2026-08-07,0,True
1040024022,EcoDataChinaGet,550,2016-01-01,2026-08-07,0,True
1040024023,EcoDataChinaGet,550,2016-01-01,2026-08-07,0,True
1040024029,EcoDataChinaGet,408,2015-01-10,2026-07-31,339,True
1040024036,EcoDataChinaGet,408,2015-01-10,2026-07-31,339,True
1050000035,EcoDataChinaGet,114,2015-03-31,2026-06-30,114,True
1050000056,EcoDataChinaGet,126,2015-02-28,2026-06-30,126,True
1050000349,EcoDataChinaGet,126,2015-02-28,2026-06-30,126,True
1050000359,EcoDataChinaGet,126,2015-02-28,2026-06-30,126,True
1050000361,EcoDataChinaGet,126,2015-02-28,2026-06-30,126,True
1050000369,EcoDataChinaGet,126,2015-02-28,2026-06-30,126,True
1050000370,EcoDataChinaGet,126,2015-02-28,2026-06-30,126,True
1050000378,EcoDataChinaGet,126,2015-02-28,2026-06-30,126,True
1050000379,EcoDataChinaGet,126,2015-02-28,2026-06-30,126,True
1050000380,EcoDataChinaGet,126,2015-02-28,2026-06-30,126,True
1050000441,EcoDataChinaGet,126,2015-02-28,2026-06-30,126,True
1050000443,EcoDataChinaGet,126,2015-02-28,2026-06-30,126,True
1050000446,EcoDataChinaGet,126,2015-02-28,2026-06-30,126,True
1050007874,EcoDataChinaGet,114,2015-03-31,2026-06-30,114,True
1050021433,EcoDataChinaGet,126,2015-02-28,2026-06-30,126,True
1060000115,EcoDataChinaGet,122,2015-01-31,2026-06-30,122,True
3020203914,EcoDataGlobeEuGet,44,2015-03-31,2025-12-31,0,True
3130000014,EcoDataGlobeRestGet,138,2015-01-31,2026-06-30,138,True
3130000015,EcoDataGlobeRestGet,128,2015-11-30,2026-06-30,128,True
3190000039,EcoDataGlobeRestGet,138,2015-01-31,2026-06-30,0,True
3190000040,EcoDataGlobeRestGet,138,2015-01-31,2026-06-30,0,True
3190000921,EcoDataGlobeRestGet,137,2015-01-31,2026-05-31,0,True
3190000956,EcoDataGlobeRestGet,137,2015-01-31,2026-05-31,0,True
3190000966,EcoDataGlobeRestGet,137,2015-01-31,2026-05-31,0,True
3190000996,EcoDataGlobeRestGet,137,2015-01-31,2026-05-31,0,True
3190001006,EcoDataGlobeRestGet,137,2015-01-31,2026-05-31,0,True
3190001031,EcoDataGlobeRestGet,137,2015-01-31,2026-05-31,0,True
3200000026,EcoDataGlobeRestGet,138,2015-01-31,2026-06-30,0,True
3200000027,EcoDataGlobeRestGet,138,2015-01-31,2026-06-30,0,True
3220000036,EcoDataGlobeRestGet,605,2015-01-02,2026-07-31,0,True
3220000037,EcoDataGlobeRestGet,605,2015-01-02,2026-07-31,0,True
3230000055,EcoDataGlobeRestGet,138,2015-01-31,2026-06-30,0,True
3230000056,EcoDataGlobeRestGet,138,2015-01-31,2026-06-30,0,True
3230000057,EcoDataGlobeRestGet,138,2015-01-31,2026-06-30,0,True
3230000058,EcoDataGlobeRestGet,138,2015-01-31,2026-06-30,0,True
3240008663,EcoDataGlobeRestGet,138,2015-01-31,2026-06-30,0,True
3240008664,EcoDataGlobeRestGet,136,2015-01-31,2026-04-30,0,True
3240008670,EcoDataGlobeRestGet,135,2015-01-31,2026-03-31,0,True
3240008682,EcoDataGlobeRestGet,138,2015-01-31,2026-06-30,0,True
3240008705,EcoDataGlobeRestGet,136,2015-01-31,2026-04-30,0,True
2010000983,EcoDataIndAgriculturalGet,4067,2015-01-19,2026-08-12,4067,True
2010000984,EcoDataIndAgriculturalGet,4067,2015-01-19,2026-08-12,3948,True
2010711926,EcoDataIndAgriculturalGet,2628,2016-01-04,2026-08-12,2628,True
2010711979,EcoDataIndAgriculturalGet,2428,2016-09-28,2026-08-12,2428,True
2010712032,EcoDataIndAgriculturalGet,2626,2016-01-04,2026-08-12,2626,True
2010723605,EcoDataIndAgriculturalGet,2821,2015-01-05,2026-08-12,268,True
2010723606,EcoDataIndAgriculturalGet,2821,2015-01-05,2026-08-12,267,True
2010723608,EcoDataIndAgriculturalGet,2821,2015-01-05,2026-08-12,268,True
2010723609,EcoDataIndAgriculturalGet,2821,2015-01-05,2026-08-12,268,True
2010723610,EcoDataIndAgriculturalGet,2821,2015-01-05,2026-08-12,268,True
2010723611,EcoDataIndAgriculturalGet,2821,2015-01-05,2026-08-12,268,True
2010723613,EcoDataIndAgriculturalGet,2821,2015-01-05,2026-08-12,268,True
2010723616,EcoDataIndAgriculturalGet,2821,2015-01-05,2026-08-12,268,True
2010723617,EcoDataIndAgriculturalGet,2821,2015-01-05,2026-08-12,267,True
2010723618,EcoDataIndAgriculturalGet,2821,2015-01-05,2026-08-12,268,True
2010723620,EcoDataIndAgriculturalGet,2821,2015-01-05,2026-08-12,2821,True
2010723623,EcoDataIndAgriculturalGet,2821,2015-01-05,2026-08-12,268,True
2010723625,EcoDataIndAgriculturalGet,2821,2015-01-05,2026-08-12,268,True
2070100935,EcoDataIndAutomobileGet,296,2015-02-06,2026-07-31,225,True
2070100936,EcoDataIndAutomobileGet,569,2015-01-09,2026-07-31,569,True
2070100953,EcoDataIndAutomobileGet,139,2015-01-31,2026-07-31,139,True
2070100958,EcoDataIndAutomobileGet,139,2015-01-31,2026-07-31,139,True
2070100971,EcoDataIndAutomobileGet,139,2015-01-31,2026-07-31,139,True
2070133155,EcoDataIndAutomobileGet,139,2015-01-31,2026-07-31,139,True
2070133156,EcoDataIndAutomobileGet,138,2015-01-31,2026-07-31,39,True
2070133157,EcoDataIndAutomobileGet,139,2015-01-31,2026-07-31,39,True
2070133158,EcoDataIndAutomobileGet,138,2015-01-31,2026-07-31,39,True
2070133159,EcoDataIndAutomobileGet,131,2015-01-31,2026-07-31,39,True
2070133162,EcoDataIndAutomobileGet,137,2015-01-31,2026-07-31,38,True
2070133164,EcoDataIndAutomobileGet,137,2015-01-31,2026-07-31,38,True
2070133165,EcoDataIndAutomobileGet,130,2015-01-31,2026-07-31,38,True
2070133167,EcoDataIndAutomobileGet,139,2015-01-31,2026-07-31,139,True
2070200020,EcoDataIndAutomobileGet,138,2015-01-31,2026-06-30,112,True
2070200023,EcoDataIndAutomobileGet,134,2015-01-31,2026-05-31,134,True
2070200096,EcoDataIndAutomobileGet,138,2015-01-31,2026-06-30,94,True
2070900004,EcoDataIndAutomobileGet,138,2015-01-31,2026-06-30,138,True
2070900005,EcoDataIndAutomobileGet,139,2015-01-31,2026-07-31,139,True
2070928295,EcoDataIndAutomobileGet,555,2015-03-06,2026-07-31,233,True
2070928296,EcoDataIndAutomobileGet,549,2015-03-06,2026-07-31,233,True
2070936194,EcoDataIndAutomobileGet,73,2018-05-31,2026-07-31,73,True
2070936196,EcoDataIndAutomobileGet,122,2015-01-31,2026-06-30,122,True
2140000935,EcoDataIndBiologicalmedicineGet,4028,2015-01-01,2026-08-13,4027,True
2140001259,EcoDataIndBiologicalmedicineGet,4019,2015-01-01,2026-08-13,2527,True
2140001345,EcoDataIndBiologicalmedicineGet,575,2015-01-03,2026-08-09,362,True
2140006258,EcoDataIndBiologicalmedicineGet,2822,2015-01-04,2026-08-12,2822,True
2140006264,EcoDataIndBiologicalmedicineGet,2822,2015-01-04,2026-08-12,2822,True
2140006278,EcoDataIndBiologicalmedicineGet,1681,2015-01-04,2026-08-12,1068,True
2140100137,EcoDataIndBiologicalmedicineGet,115,2015-02-28,2026-06-30,115,True
2140820663,EcoDataIndBiologicalmedicineGet,57,2015-03-31,2026-06-30,39,True
2140906142,EcoDataIndBiologicalmedicineGet,138,2015-01-31,2026-06-30,0,True
2140906144,EcoDataIndBiologicalmedicineGet,138,2015-01-31,2026-06-30,0,True
2140906286,EcoDataIndBiologicalmedicineGet,138,2015-01-31,2026-06-30,0,True
2140906288,EcoDataIndBiologicalmedicineGet,138,2015-01-31,2026-06-30,0,True
2140906300,EcoDataIndBiologicalmedicineGet,138,2015-01-31,2026-06-30,0,True
2140906302,EcoDataIndBiologicalmedicineGet,138,2015-01-31,2026-06-30,0,True
2140906328,EcoDataIndBiologicalmedicineGet,138,2015-01-31,2026-06-30,0,True
2140906330,EcoDataIndBiologicalmedicineGet,138,2015-01-31,2026-06-30,0,True
2140908332,EcoDataIndBiologicalmedicineGet,138,2015-01-31,2026-06-30,0,True
2140934364,EcoDataIndBiologicalmedicineGet,4028,2015-01-01,2026-08-13,0,True
2140934365,EcoDataIndBiologicalmedicineGet,4028,2015-01-01,2026-08-13,0,True
2140934366,EcoDataIndBiologicalmedicineGet,4028,2015-01-01,2026-08-13,0,True
2060709411,EcoDataIndBuildingmaterialsGet,2821,2015-01-05,2026-08-12,0,True
2060709413,EcoDataIndBuildingmaterialsGet,2821,2015-01-05,2026-08-12,0,True
2060709416,EcoDataIndBuildingmaterialsGet,1903,2015-01-05,2026-08-11,0,True
2060709421,EcoDataIndBuildingmaterialsGet,2368,2015-01-05,2026-08-12,0,True
2060809995,EcoDataIndBuildingmaterialsGet,138,2015-01-31,2026-06-30,63,True
2060809996,EcoDataIndBuildingmaterialsGet,138,2015-01-31,2026-06-30,115,True
2060810240,EcoDataIndBuildingmaterialsGet,138,2015-01-31,2026-06-30,63,True
2060810247,EcoDataIndBuildingmaterialsGet,138,2015-01-31,2026-06-30,63,True
2060810249,EcoDataIndBuildingmaterialsGet,138,2015-01-31,2026-06-30,63,True
2060810274,EcoDataIndBuildingmaterialsGet,138,2015-01-31,2026-06-30,63,True
2060811214,EcoDataIndBuildingmaterialsGet,138,2015-01-31,2026-06-30,63,True
2060811226,EcoDataIndBuildingmaterialsGet,138,2015-01-31,2026-06-30,63,True
2060811228,EcoDataIndBuildingmaterialsGet,138,2015-01-31,2026-06-30,63,True
2060819202,EcoDataIndBuildingmaterialsGet,138,2015-01-31,2026-06-30,0,True
2060819204,EcoDataIndBuildingmaterialsGet,138,2015-01-31,2026-06-30,0,True
2060819328,EcoDataIndBuildingmaterialsGet,138,2015-01-31,2026-06-30,63,True
2060819342,EcoDataIndBuildingmaterialsGet,138,2015-01-31,2026-06-30,63,True
2060819344,EcoDataIndBuildingmaterialsGet,138,2015-01-31,2026-06-30,63,True
2060819356,EcoDataIndBuildingmaterialsGet,138,2015-01-31,2026-06-30,63,True
2060819358,EcoDataIndBuildingmaterialsGet,138,2015-01-31,2026-06-30,63,True
2060819412,EcoDataIndBuildingmaterialsGet,138,2015-01-31,2026-06-30,63,True
2180708870,EcoDataIndCateringtourismGet,34,2015-12-31,2026-06-30,23,True
2180708871,EcoDataIndCateringtourismGet,28,2015-12-31,2026-06-30,17,True
2180708872,EcoDataIndCateringtourismGet,28,2015-12-31,2026-06-30,17,True
2180708873,EcoDataIndCateringtourismGet,29,2015-12-31,2026-06-30,18,True
2180708874,EcoDataIndCateringtourismGet,28,2015-12-31,2026-06-30,17,True
2180708875,EcoDataIndCateringtourismGet,28,2015-12-31,2026-06-30,17,True
2030019739,EcoDataIndChemicalGet,2849,2015-01-04,2026-08-12,2849,True
2030019741,EcoDataIndChemicalGet,2837,2015-01-04,2026-08-12,2837,True
2030019742,EcoDataIndChemicalGet,2856,2015-01-04,2026-08-12,2856,True
2030019767,EcoDataIndChemicalGet,3205,2017-11-01,2026-08-13,539,True
2030637302,EcoDataIndChemicalGet,296,2018-04-05,2026-06-15,296,True
2030637303,EcoDataIndChemicalGet,296,2018-04-05,2026-06-15,296,True
2030637306,EcoDataIndChemicalGet,294,2018-04-15,2026-06-15,2,True
2030637307,EcoDataIndChemicalGet,294,2018-04-15,2026-06-15,2,True
2030728548,EcoDataIndChemicalGet,138,2015-01-31,2026-06-30,138,True
2030728549,EcoDataIndChemicalGet,138,2015-01-31,2026-06-30,138,True
2030728550,EcoDataIndChemicalGet,138,2015-01-31,2026-06-30,138,True
2030728551,EcoDataIndChemicalGet,138,2015-01-31,2026-06-30,138,True
2030763072,EcoDataIndChemicalGet,113,2015-01-31,2026-06-30,49,True
2030763079,EcoDataIndChemicalGet,113,2015-01-31,2026-06-30,49,True
2030763106,EcoDataIndChemicalGet,138,2015-01-31,2026-06-30,63,True
2030767397,EcoDataIndChemicalGet,138,2015-01-31,2026-06-30,63,True
2030767398,EcoDataIndChemicalGet,137,2015-01-31,2026-06-30,63,True
2030767399,EcoDataIndChemicalGet,138,2015-01-31,2026-06-30,63,True
2030768519,EcoDataIndChemicalGet,138,2015-01-31,2026-06-30,63,True
2030768526,EcoDataIndChemicalGet,138,2015-01-31,2026-06-30,63,True
2200000454,EcoDataIndCommercialtradeGet,83,2015-03-31,2026-06-30,18,True
2200000455,EcoDataIndCommercialtradeGet,47,2015-03-31,2026-04-30,6,True
2200000457,EcoDataIndCommercialtradeGet,35,2015-03-31,2026-04-30,6,True
2200000458,EcoDataIndCommercialtradeGet,33,2015-03-31,2026-04-30,5,True
2200000459,EcoDataIndCommercialtradeGet,41,2015-03-31,2026-05-31,7,True
2200000460,EcoDataIndCommercialtradeGet,43,2015-03-31,2026-03-31,5,True
2100001806,EcoDataIndCultureGet,4193,2015-01-01,2026-08-12,4193,True
2100001807,EcoDataIndCultureGet,4016,2015-06-12,2026-08-12,4016,True
2100001808,EcoDataIndCultureGet,4016,2015-06-12,2026-08-12,4016,True
2100001826,EcoDataIndCultureGet,20,2015-03-31,2025-12-31,18,True
2100603474,EcoDataIndCultureGet,46,2015-03-31,2026-06-30,0,True
2100726809,EcoDataIndCultureGet,3763,2015-09-30,2026-08-12,0,True
2100726810,EcoDataIndCultureGet,3763,2015-09-30,2026-08-12,0,True
2100726811,EcoDataIndCultureGet,3766,2015-09-30,2026-08-12,0,True
2190703706,EcoDataIndCultureGet,114,2015-01-31,2026-06-30,114,True
2190813326,EcoDataIndCultureGet,138,2015-01-31,2026-06-30,138,True
2190813478,EcoDataIndCultureGet,138,2015-01-31,2026-06-30,138,True
2190817035,EcoDataIndCultureGet,284,2015-01-10,2026-06-30,88,True
2190817040,EcoDataIndCultureGet,177,2015-01-10,2026-05-31,177,True
2190817041,EcoDataIndCultureGet,181,2015-01-10,2026-05-31,50,True
2190817042,EcoDataIndCultureGet,139,2015-01-31,2026-05-31,48,True
2190817043,EcoDataIndCultureGet,111,2015-01-31,2026-05-31,37,True
2190817044,EcoDataIndCultureGet,146,2015-01-10,2026-06-30,36,True
2190822322,EcoDataIndCultureGet,138,2015-01-31,2026-06-30,0,True
2190822324,EcoDataIndCultureGet,138,2015-01-31,2026-06-30,0,True
2190822325,EcoDataIndCultureGet,138,2015-01-31,2026-06-30,138,True
2190822434,EcoDataIndCultureGet,138,2015-01-31,2026-06-30,0,True
2190822436,EcoDataIndCultureGet,138,2015-01-31,2026-06-30,0,True
2190822437,EcoDataIndCultureGet,138,2015-01-31,2026-06-30,138,True
2190822462,EcoDataIndCultureGet,138,2015-01-31,2026-06-30,0,True
2190822463,EcoDataIndCultureGet,138,2015-01-31,2026-06-30,0,True
2190822464,EcoDataIndCultureGet,138,2015-01-31,2026-06-30,0,True
2190822465,EcoDataIndCultureGet,138,2015-01-31,2026-06-30,138,True
2090100780,EcoDataIndElectronicGet,115,2015-02-28,2026-06-30,94,True
2090100994,EcoDataIndElectronicGet,115,2015-02-28,2026-06-30,115,True
2090100999,EcoDataIndElectronicGet,115,2015-02-28,2026-06-30,115,True
2090102058,EcoDataIndElectronicGet,115,2015-02-28,2026-06-30,115,True
2090102062,EcoDataIndElectronicGet,115,2015-02-28,2026-06-30,115,True
2090103612,EcoDataIndElectronicGet,115,2015-02-28,2026-06-30,94,True
2090700304,EcoDataIndElectronicGet,115,2015-03-31,2026-06-30,115,True
2090700305,EcoDataIndElectronicGet,114,2015-03-31,2026-06-30,114,True
2090700311,EcoDataIndElectronicGet,118,2015-09-30,2026-06-30,118,True
2090700315,EcoDataIndElectronicGet,115,2016-02-29,2026-06-30,115,True
2090714996,EcoDataIndElectronicGet,104,2016-03-31,2026-06-30,104,True
2090715074,EcoDataIndElectronicGet,138,2015-01-31,2026-06-30,0,True
2090715077,EcoDataIndElectronicGet,138,2015-01-31,2026-06-30,0,True
2090715083,EcoDataIndElectronicGet,138,2015-01-31,2026-06-30,0,True
2090715089,EcoDataIndElectronicGet,138,2015-01-31,2026-06-30,0,True
2090715095,EcoDataIndElectronicGet,138,2015-01-31,2026-06-30,0,True
2090715110,EcoDataIndElectronicGet,138,2015-01-31,2026-06-30,0,True
2090715113,EcoDataIndElectronicGet,138,2015-01-31,2026-06-30,0,True
2090715119,EcoDataIndElectronicGet,138,2015-01-31,2026-06-30,0,True
2090715125,EcoDataIndElectronicGet,138,2015-01-31,2026-06-30,0,True
2090715131,EcoDataIndElectronicGet,138,2015-01-31,2026-06-30,0,True
2090715137,EcoDataIndElectronicGet,138,2015-01-31,2026-06-30,0,True
2090715143,EcoDataIndElectronicGet,138,2015-01-31,2026-06-30,0,True
2090715146,EcoDataIndElectronicGet,138,2015-01-31,2026-06-30,0,True
2090715149,EcoDataIndElectronicGet,138,2015-01-31,2026-06-30,0,True
2090715155,EcoDataIndElectronicGet,138,2015-01-31,2026-06-30,0,True
2090715996,EcoDataIndElectronicGet,2764,2015-01-05,2026-08-12,647,True
2090715997,EcoDataIndElectronicGet,2857,2015-01-05,2026-08-12,647,True
2090716953,EcoDataIndElectronicGet,138,2015-01-31,2026-06-30,0,True
2090716955,EcoDataIndElectronicGet,138,2015-01-31,2026-06-30,0,True
2090716956,EcoDataIndElectronicGet,114,2017-01-31,2026-06-30,106,True
2090716967,EcoDataIndElectronicGet,138,2015-01-31,2026-06-30,0,True
2090716968,EcoDataIndElectronicGet,137,2015-01-31,2026-06-30,0,True
2090716969,EcoDataIndElectronicGet,138,2015-01-31,2026-06-30,0,True
2090716970,EcoDataIndElectronicGet,114,2017-01-31,2026-06-30,106,True
2090717093,EcoDataIndElectronicGet,138,2015-01-31,2026-06-30,0,True
2090717094,EcoDataIndElectronicGet,137,2015-01-31,2026-06-30,0,True
2090717095,EcoDataIndElectronicGet,138,2015-01-31,2026-06-30,0,True
2090717096,EcoDataIndElectronicGet,114,2017-01-31,2026-06-30,106,True
2090717191,EcoDataIndElectronicGet,138,2015-01-31,2026-06-30,0,True
2090717192,EcoDataIndElectronicGet,137,2015-01-31,2026-06-30,0,True
2090717193,EcoDataIndElectronicGet,138,2015-01-31,2026-06-30,0,True
2090717194,EcoDataIndElectronicGet,114,2017-01-31,2026-06-30,106,True
2090717205,EcoDataIndElectronicGet,138,2015-01-31,2026-06-30,0,True
2090717206,EcoDataIndElectronicGet,137,2015-01-31,2026-06-30,0,True
2090717207,EcoDataIndElectronicGet,138,2015-01-31,2026-06-30,0,True
2090717303,EcoDataIndElectronicGet,138,2015-01-31,2026-06-30,0,True
2090717304,EcoDataIndElectronicGet,137,2015-01-31,2026-06-30,0,True
2090717305,EcoDataIndElectronicGet,138,2015-01-31,2026-06-30,0,True
2090717306,EcoDataIndElectronicGet,114,2017-01-31,2026-06-30,106,True
2090718990,EcoDataIndElectronicGet,138,2015-01-31,2026-06-30,63,True
2090719010,EcoDataIndElectronicGet,138,2015-01-31,2026-06-30,63,True
2090719739,EcoDataIndElectronicGet,138,2015-01-31,2026-06-30,63,True
2090719746,EcoDataIndElectronicGet,138,2015-01-31,2026-06-30,63,True
2090720219,EcoDataIndElectronicGet,138,2015-01-31,2026-06-30,63,True
2090720221,EcoDataIndElectronicGet,138,2015-01-31,2026-06-30,63,True
2090720226,EcoDataIndElectronicGet,138,2015-01-31,2026-06-30,63,True
2090720228,EcoDataIndElectronicGet,138,2015-01-31,2026-06-30,63,True
2090720439,EcoDataIndElectronicGet,138,2015-01-31,2026-06-30,63,True
2090720441,EcoDataIndElectronicGet,138,2015-01-31,2026-06-30,63,True
2090720446,EcoDataIndElectronicGet,138,2015-01-31,2026-06-30,63,True
2090720448,EcoDataIndElectronicGet,138,2015-01-31,2026-06-30,63,True
2090721486,EcoDataIndElectronicGet,138,2015-01-31,2026-06-30,63,True
2090721499,EcoDataIndElectronicGet,138,2015-01-31,2026-06-30,63,True
2090721506,EcoDataIndElectronicGet,138,2015-01-31,2026-06-30,63,True
2090726551,EcoDataIndElectronicGet,65,2021-02-28,2026-06-30,0,True
2090726558,EcoDataIndElectronicGet,130,2015-01-31,2026-06-30,0,True
2090726559,EcoDataIndElectronicGet,136,2015-01-31,2026-06-30,0,True
2090726560,EcoDataIndElectronicGet,136,2015-01-31,2026-06-30,0,True
2090726562,EcoDataIndElectronicGet,136,2015-01-31,2026-06-30,0,True
2090726817,EcoDataIndElectronicGet,136,2015-01-31,2026-06-30,0,True
2090726818,EcoDataIndElectronicGet,136,2015-01-31,2026-06-30,0,True
2090727407,EcoDataIndElectronicGet,41,2016-03-31,2026-03-31,0,True
2090727454,EcoDataIndElectronicGet,41,2016-03-31,2026-03-31,0,True
2090727470,EcoDataIndElectronicGet,41,2016-03-31,2026-03-31,0,True
2020004552,EcoDataIndEnergyGet,531,2015-07-17,2026-08-07,531,True
2020004566,EcoDataIndEnergyGet,459,2016-07-15,2026-08-07,459,True
2020004587,EcoDataIndEnergyGet,533,2015-07-17,2026-08-07,533,True
2020100004,EcoDataIndEnergyGet,138,2015-01-31,2026-06-30,12,True
2020100020,EcoDataIndEnergyGet,114,2015-03-31,2026-06-30,114,True
2020101521,EcoDataIndEnergyGet,133,2015-01-31,2026-06-30,132,True
2020101522,EcoDataIndEnergyGet,133,2015-01-31,2026-06-30,42,True
2020101523,EcoDataIndEnergyGet,133,2015-01-31,2026-06-30,42,True
2020101524,EcoDataIndEnergyGet,133,2015-01-31,2026-06-30,42,True
2020101525,EcoDataIndEnergyGet,133,2015-01-31,2026-06-30,132,True
2020101526,EcoDataIndEnergyGet,130,2015-01-31,2026-06-30,129,True
2020101562,EcoDataIndEnergyGet,126,2015-02-28,2026-06-30,55,True
2020101563,EcoDataIndEnergyGet,111,2015-02-28,2026-06-30,107,True
2020101564,EcoDataIndEnergyGet,110,2015-02-28,2026-06-30,108,True
2020101565,EcoDataIndEnergyGet,110,2015-02-28,2026-06-30,108,True
2020101566,EcoDataIndEnergyGet,110,2015-02-28,2026-06-30,108,True
2020101578,EcoDataIndEnergyGet,126,2015-02-28,2026-06-30,43,True
2020101579,EcoDataIndEnergyGet,109,2015-02-28,2026-06-30,23,True
2020101580,EcoDataIndEnergyGet,110,2015-02-28,2026-06-30,24,True
2020101581,EcoDataIndEnergyGet,110,2015-02-28,2026-06-30,23,True
2020101582,EcoDataIndEnergyGet,110,2015-02-28,2026-06-30,23,True
2020102327,EcoDataIndEnergyGet,115,2015-02-28,2026-06-30,0,True
2020102329,EcoDataIndEnergyGet,115,2015-02-28,2026-06-30,115,True
2020104973,EcoDataIndEnergyGet,121,2015-02-28,2026-06-30,48,True
2020105035,EcoDataIndEnergyGet,126,2015-02-28,2026-06-30,126,True
2020105036,EcoDataIndEnergyGet,126,2015-02-28,2026-06-30,126,True
2020105037,EcoDataIndEnergyGet,68,2015-12-31,2026-06-30,68,True
2020105038,EcoDataIndEnergyGet,49,2015-12-31,2026-06-30,47,True
2020200014,EcoDataIndEnergyGet,137,2015-01-31,2026-06-30,137,True
2020200018,EcoDataIndEnergyGet,138,2015-01-31,2026-06-30,138,True
2020640997,EcoDataIndEnergyGet,44,2015-03-31,2026-06-30,13,True
2020656318,EcoDataIndEnergyGet,559,2015-01-09,2026-08-10,559,True
2020657627,EcoDataIndEnergyGet,541,2015-01-05,2026-08-07,541,True
2020657628,EcoDataIndEnergyGet,541,2015-01-05,2026-08-07,541,True
2020657629,EcoDataIndEnergyGet,541,2015-01-05,2026-08-07,541,True
2020657631,EcoDataIndEnergyGet,351,2018-03-26,2026-08-07,351,True
2020657632,EcoDataIndEnergyGet,351,2018-03-26,2026-08-07,351,True
2020657644,EcoDataIndEnergyGet,126,2015-02-28,2026-06-30,126,True
2020657645,EcoDataIndEnergyGet,126,2015-02-28,2026-06-30,126,True
2020746421,EcoDataIndEnergyGet,606,2015-01-02,2026-08-07,588,True
2020746422,EcoDataIndEnergyGet,606,2015-01-02,2026-08-07,588,True
2020746424,EcoDataIndEnergyGet,606,2015-01-02,2026-08-07,588,True
2020746425,EcoDataIndEnergyGet,606,2015-01-02,2026-08-07,588,True
2020746426,EcoDataIndEnergyGet,609,2015-01-02,2026-08-07,25,True
2020749327,EcoDataIndEnergyGet,2397,2015-08-11,2026-08-12,340,True
2020761919,EcoDataIndEnergyGet,526,2016-06-24,2026-08-07,71,True
2020766782,EcoDataIndEnergyGet,45,2015-03-31,2026-03-31,0,True
1070005227,EcoDataIndFinancialservicesGet,138,2015-01-31,2026-06-30,138,True
1070005228,EcoDataIndFinancialservicesGet,138,2015-01-31,2026-06-30,138,True
1070005229,EcoDataIndFinancialservicesGet,138,2015-01-31,2026-06-30,138,True
1070005230,EcoDataIndFinancialservicesGet,138,2015-01-31,2026-06-30,138,True
1070005231,EcoDataIndFinancialservicesGet,138,2015-01-31,2026-06-30,137,True
1070006934,EcoDataIndFinancialservicesGet,138,2015-01-31,2026-06-30,136,True
1070006935,EcoDataIndFinancialservicesGet,138,2015-01-31,2026-06-30,136,True
2210100846,EcoDataIndFinancialservicesGet,123,2016-05-31,2026-07-31,123,True
2210500105,EcoDataIndFinancialservicesGet,139,2015-01-31,2026-07-31,139,True
2210500106,EcoDataIndFinancialservicesGet,139,2015-01-31,2026-07-31,139,True
2210900112,EcoDataIndFinancialservicesGet,138,2015-01-31,2026-06-30,138,True
2210900113,EcoDataIndFinancialservicesGet,138,2015-01-31,2026-06-30,138,True
2210900114,EcoDataIndFinancialservicesGet,138,2015-01-31,2026-06-30,138,True
2210900115,EcoDataIndFinancialservicesGet,138,2015-01-31,2026-06-30,138,True
2210900116,EcoDataIndFinancialservicesGet,138,2015-01-31,2026-06-30,138,True
2210900117,EcoDataIndFinancialservicesGet,138,2015-01-31,2026-06-30,126,True
2210900118,EcoDataIndFinancialservicesGet,138,2015-01-31,2026-06-30,126,True
2210900119,EcoDataIndFinancialservicesGet,138,2015-01-31,2026-06-30,126,True
2210900129,EcoDataIndFinancialservicesGet,138,2015-01-31,2026-06-30,138,True
2210900130,EcoDataIndFinancialservicesGet,93,2018-06-30,2026-06-30,81,True
2210900131,EcoDataIndFinancialservicesGet,93,2018-06-30,2026-06-30,81,True
2210900132,EcoDataIndFinancialservicesGet,93,2018-06-30,2026-06-30,81,True
2210900133,EcoDataIndFinancialservicesGet,93,2018-06-30,2026-06-30,81,True
2210900134,EcoDataIndFinancialservicesGet,93,2018-06-30,2026-06-30,81,True
2210900135,EcoDataIndFinancialservicesGet,93,2018-06-30,2026-06-30,81,True
2211002704,EcoDataIndFinancialservicesGet,138,2015-01-31,2026-06-30,138,True
2110100015,EcoDataIndFoodbeverageGet,115,2015-02-28,2026-06-30,115,True
2110100023,EcoDataIndFoodbeverageGet,115,2015-02-28,2026-06-30,115,True
2110100025,EcoDataIndFoodbeverageGet,115,2015-02-28,2026-06-30,115,True
2110100041,EcoDataIndFoodbeverageGet,115,2015-02-28,2026-06-30,115,True
2110100043,EcoDataIndFoodbeverageGet,115,2015-02-28,2026-06-30,115,True
2110720687,EcoDataIndFoodbeverageGet,81,2018-01-31,2026-06-30,72,True
2110731591,EcoDataIndFoodbeverageGet,114,2015-03-31,2026-06-30,114,True
2110731623,EcoDataIndFoodbeverageGet,114,2015-03-31,2026-06-30,1,True
2110731655,EcoDataIndFoodbeverageGet,126,2015-02-28,2026-06-30,126,True
2110731687,EcoDataIndFoodbeverageGet,126,2015-02-28,2026-06-30,1,True
2110732341,EcoDataIndFoodbeverageGet,418,2015-01-10,2026-08-10,0,True
2110732342,EcoDataIndFoodbeverageGet,418,2015-01-10,2026-08-10,0,True
2110732343,EcoDataIndFoodbeverageGet,418,2015-01-10,2026-08-10,0,True
2110732344,EcoDataIndFoodbeverageGet,418,2015-01-10,2026-08-10,0,True
2110735147,EcoDataIndFoodbeverageGet,418,2015-01-10,2026-08-10,0,True
2110735148,EcoDataIndFoodbeverageGet,418,2015-01-10,2026-08-10,0,True
2110735149,EcoDataIndFoodbeverageGet,418,2015-01-10,2026-08-10,0,True
2130100008,EcoDataIndLightmanufactueGet,115,2015-02-28,2026-06-30,57,True
2130711709,EcoDataIndLightmanufactueGet,138,2015-01-31,2026-06-30,0,True
2130711723,EcoDataIndLightmanufactueGet,138,2015-01-31,2026-06-30,0,True
2130711821,EcoDataIndLightmanufactueGet,138,2015-01-31,2026-06-30,63,True
2130712244,EcoDataIndLightmanufactueGet,138,2015-01-31,2026-06-30,63,True
2130712257,EcoDataIndLightmanufactueGet,138,2015-01-31,2026-06-30,63,True
2130712264,EcoDataIndLightmanufactueGet,138,2015-01-31,2026-06-30,63,True
2130713181,EcoDataIndLightmanufactueGet,126,2016-01-31,2026-06-30,75,True
2130713221,EcoDataIndLightmanufactueGet,122,2016-01-31,2026-06-30,73,True
2080100004,EcoDataIndMachineryequipmentGet,115,2015-02-28,2026-06-30,115,True
2080100028,EcoDataIndMachineryequipmentGet,115,2015-02-28,2026-06-30,115,True
2080100030,EcoDataIndMachineryequipmentGet,115,2015-02-28,2026-06-30,115,True
2080100032,EcoDataIndMachineryequipmentGet,115,2015-02-28,2026-06-30,115,True
2080100060,EcoDataIndMachineryequipmentGet,115,2015-02-28,2026-06-30,115,True
2080100199,EcoDataIndMachineryequipmentGet,137,2015-01-31,2026-06-30,75,True
2080106991,EcoDataIndMachineryequipmentGet,115,2015-02-28,2026-06-30,115,True
2080110940,EcoDataIndMachineryequipmentGet,115,2015-02-28,2026-06-30,115,True
2080200369,EcoDataIndMachineryequipmentGet,138,2015-01-31,2026-06-30,138,True
2080200377,EcoDataIndMachineryequipmentGet,138,2015-01-31,2026-06-30,138,True
2080200815,EcoDataIndMachineryequipmentGet,138,2015-01-31,2026-06-30,138,True
2080200822,EcoDataIndMachineryequipmentGet,138,2015-01-31,2026-06-30,138,True
2080617129,EcoDataIndMachineryequipmentGet,115,2015-02-28,2026-06-30,115,True
2080617139,EcoDataIndMachineryequipmentGet,115,2015-02-28,2026-06-30,115,True
2087005763,EcoDataIndMachineryequipmentGet,138,2015-01-31,2026-06-30,0,True
2087005765,EcoDataIndMachineryequipmentGet,126,2016-01-31,2026-06-30,125,True
2087005985,EcoDataIndMachineryequipmentGet,138,2015-01-31,2026-06-30,0,True
2087005999,EcoDataIndMachineryequipmentGet,138,2015-01-31,2026-06-30,0,True
2087006167,EcoDataIndMachineryequipmentGet,138,2015-01-31,2026-06-30,0,True
2087006181,EcoDataIndMachineryequipmentGet,138,2015-01-31,2026-06-30,0,True
2087006183,EcoDataIndMachineryequipmentGet,138,2015-01-31,2026-06-30,0,True
2087006587,EcoDataIndMachineryequipmentGet,138,2015-01-31,2026-06-30,0,True
2087006601,EcoDataIndMachineryequipmentGet,138,2015-01-31,2026-06-30,0,True
2087006603,EcoDataIndMachineryequipmentGet,138,2015-01-31,2026-06-30,0,True
2087006629,EcoDataIndMachineryequipmentGet,138,2015-01-31,2026-06-30,0,True
2087006631,EcoDataIndMachineryequipmentGet,138,2015-01-31,2026-06-30,0,True
2087006643,EcoDataIndMachineryequipmentGet,138,2015-01-31,2026-06-30,0,True
2087006657,EcoDataIndMachineryequipmentGet,138,2015-01-31,2026-06-30,0,True
2087006659,EcoDataIndMachineryequipmentGet,138,2015-01-31,2026-06-30,0,True
2087006671,EcoDataIndMachineryequipmentGet,138,2015-01-31,2026-06-30,0,True
2087006685,EcoDataIndMachineryequipmentGet,138,2015-01-31,2026-06-30,0,True
2087006699,EcoDataIndMachineryequipmentGet,138,2015-01-31,2026-06-30,0,True
2087006713,EcoDataIndMachineryequipmentGet,138,2015-01-31,2026-06-30,0,True
2087006727,EcoDataIndMachineryequipmentGet,138,2015-01-31,2026-06-30,0,True
2087006729,EcoDataIndMachineryequipmentGet,138,2015-01-31,2026-06-30,0,True
2087006937,EcoDataIndMachineryequipmentGet,138,2015-01-31,2026-06-30,0,True
2087006951,EcoDataIndMachineryequipmentGet,138,2015-01-31,2026-06-30,0,True
2087006953,EcoDataIndMachineryequipmentGet,138,2015-01-31,2026-06-30,0,True
2087007021,EcoDataIndMachineryequipmentGet,138,2015-01-31,2026-06-30,0,True
2087007022,EcoDataIndMachineryequipmentGet,137,2015-01-31,2026-06-30,0,True
2087007023,EcoDataIndMachineryequipmentGet,138,2015-01-31,2026-06-30,0,True
2087007024,EcoDataIndMachineryequipmentGet,138,2015-01-31,2026-06-30,137,True
2087007049,EcoDataIndMachineryequipmentGet,138,2015-01-31,2026-06-30,0,True
2087007050,EcoDataIndMachineryequipmentGet,137,2015-01-31,2026-06-30,0,True
2087007051,EcoDataIndMachineryequipmentGet,138,2015-01-31,2026-06-30,0,True
2087007052,EcoDataIndMachineryequipmentGet,138,2015-01-31,2026-06-30,137,True
2087007371,EcoDataIndMachineryequipmentGet,138,2015-01-31,2026-06-30,0,True
2087007373,EcoDataIndMachineryequipmentGet,138,2015-01-31,2026-06-30,0,True
2087007385,EcoDataIndMachineryequipmentGet,138,2015-01-31,2026-06-30,0,True
2087007387,EcoDataIndMachineryequipmentGet,138,2015-01-31,2026-06-30,0,True
2087007413,EcoDataIndMachineryequipmentGet,132,2015-01-31,2026-06-30,0,True
2087007415,EcoDataIndMachineryequipmentGet,138,2015-01-31,2026-06-30,0,True
2087036653,EcoDataIndMachineryequipmentGet,102,2015-01-31,2026-06-30,0,True
2087044865,EcoDataIndMachineryequipmentGet,138,2015-01-31,2026-06-30,0,True
2087044872,EcoDataIndMachineryequipmentGet,138,2015-01-31,2026-06-30,0,True
2170000524,EcoDataIndRealestateGet,138,2015-01-31,2026-06-30,138,True
2170002024,EcoDataIndRealestateGet,126,2015-02-28,2026-06-30,126,True
2170002073,EcoDataIndRealestateGet,45,2015-03-31,2026-03-31,38,True
2170002074,EcoDataIndRealestateGet,45,2015-03-31,2026-03-31,45,True
2170700008,EcoDataIndRealestateGet,46,2015-03-31,2026-06-30,0,True
2170700009,EcoDataIndRealestateGet,46,2015-03-31,2026-06-30,46,True
2170700010,EcoDataIndRealestateGet,46,2015-03-31,2026-06-30,0,True
2170700042,EcoDataIndRealestateGet,46,2015-03-31,2026-06-30,0,True
2170700063,EcoDataIndRealestateGet,45,2015-03-31,2026-06-30,0,True
2170742149,EcoDataIndRealestateGet,114,2015-03-31,2026-06-30,114,True
2170742151,EcoDataIndRealestateGet,114,2015-03-31,2026-06-30,114,True
2170742153,EcoDataIndRealestateGet,114,2015-03-31,2026-06-30,114,True
2170742155,EcoDataIndRealestateGet,114,2015-03-31,2026-06-30,114,True
2170742159,EcoDataIndRealestateGet,114,2015-03-31,2026-06-30,114,True
2170742161,EcoDataIndRealestateGet,114,2015-03-31,2026-06-30,114,True
2170742163,EcoDataIndRealestateGet,114,2015-03-31,2026-06-30,114,True
2170742167,EcoDataIndRealestateGet,114,2015-03-31,2026-06-30,114,True
2170742173,EcoDataIndRealestateGet,114,2015-03-31,2026-06-30,114,True
2170742175,EcoDataIndRealestateGet,114,2015-03-31,2026-06-30,114,True
2170742177,EcoDataIndRealestateGet,114,2015-03-31,2026-06-30,114,True
2170742179,EcoDataIndRealestateGet,114,2015-03-31,2026-06-30,114,True
2170742187,EcoDataIndRealestateGet,114,2015-03-31,2026-06-30,114,True
2170742189,EcoDataIndRealestateGet,114,2015-03-31,2026-06-30,114,True
2170742191,EcoDataIndRealestateGet,114,2015-03-31,2026-06-30,114,True
2170742203,EcoDataIndRealestateGet,114,2015-03-31,2026-06-30,114,True
2170744841,EcoDataIndRealestateGet,103,2017-03-31,2026-06-30,103,True
2170744856,EcoDataIndRealestateGet,45,2015-03-31,2026-03-31,45,True
2170915526,EcoDataIndRealestateGet,138,2015-01-31,2026-06-30,135,True
2170915530,EcoDataIndRealestateGet,138,2015-01-31,2026-06-30,137,True
2170915531,EcoDataIndRealestateGet,138,2015-01-31,2026-06-30,137,True
2170915532,EcoDataIndRealestateGet,138,2015-01-31,2026-06-30,137,True
2170923943,EcoDataIndRealestateGet,46,2015-03-31,2026-06-30,0,True
2170923944,EcoDataIndRealestateGet,46,2015-03-31,2026-06-30,0,True
2170923945,EcoDataIndRealestateGet,46,2015-03-31,2026-06-30,0,True
2170923946,EcoDataIndRealestateGet,46,2015-03-31,2026-06-30,0,True
2170923947,EcoDataIndRealestateGet,46,2015-03-31,2026-06-30,0,True
2170923948,EcoDataIndRealestateGet,46,2015-03-31,2026-06-30,0,True
2170923949,EcoDataIndRealestateGet,46,2015-03-31,2026-06-30,0,True
2170925022,EcoDataIndRealestateGet,114,2015-03-31,2026-06-30,56,True
2170925024,EcoDataIndRealestateGet,114,2015-03-31,2026-06-30,56,True
2170925026,EcoDataIndRealestateGet,114,2015-03-31,2026-06-30,56,True
2170925028,EcoDataIndRealestateGet,114,2015-03-31,2026-06-30,56,True
2170925030,EcoDataIndRealestateGet,114,2015-03-31,2026-06-30,56,True
2170925032,EcoDataIndRealestateGet,114,2015-03-31,2026-06-30,56,True
2040000176,EcoDataIndSteelGet,2896,2015-01-04,2026-08-12,17,True
2040000179,EcoDataIndSteelGet,2896,2015-01-04,2026-08-12,21,True
2040000180,EcoDataIndSteelGet,2897,2015-01-04,2026-08-12,6,True
2040000181,EcoDataIndSteelGet,2897,2015-01-04,2026-08-12,18,True
2040000182,EcoDataIndSteelGet,2896,2015-01-04,2026-08-12,6,True
2040000183,EcoDataIndSteelGet,2896,2015-01-04,2026-08-12,6,True
2040104240,EcoDataIndSteelGet,588,2015-01-09,2026-08-12,588,True
2040104242,EcoDataIndSteelGet,588,2015-01-09,2026-08-12,588,True
2040104243,EcoDataIndSteelGet,588,2015-01-09,2026-08-12,588,True
2040104244,EcoDataIndSteelGet,588,2015-01-09,2026-08-12,588,True
2040104245,EcoDataIndSteelGet,588,2015-01-09,2026-08-12,588,True
2040104248,EcoDataIndSteelGet,564,2015-01-05,2026-08-12,564,True
2040601002,EcoDataIndSteelGet,2891,2015-01-04,2026-08-12,2891,True
2040601004,EcoDataIndSteelGet,2749,2015-07-29,2026-08-12,1252,True
2040601007,EcoDataIndSteelGet,578,2015-01-09,2026-08-07,293,True
2040608868,EcoDataIndSteelGet,123,2015-02-28,2026-03-31,60,True
2040608869,EcoDataIndSteelGet,123,2015-02-28,2026-03-31,48,True
2040608918,EcoDataIndSteelGet,123,2015-02-28,2026-03-31,52,True
2040608984,EcoDataIndSteelGet,124,2015-02-28,2026-05-31,50,True
2040608985,EcoDataIndSteelGet,124,2015-02-28,2026-05-31,50,True
2040608986,EcoDataIndSteelGet,124,2015-02-28,2026-05-31,50,True
2040608987,EcoDataIndSteelGet,124,2015-02-28,2026-05-31,50,True
2120200022,EcoDataIndTextileclothingGet,138,2015-01-31,2026-06-30,138,True
2120713658,EcoDataIndTextileclothingGet,138,2015-01-31,2026-06-30,63,True
2120713660,EcoDataIndTextileclothingGet,138,2015-01-31,2026-06-30,63,True
2120713672,EcoDataIndTextileclothingGet,138,2015-01-31,2026-06-30,63,True
2120713674,EcoDataIndTextileclothingGet,138,2015-01-31,2026-06-30,63,True
2120713686,EcoDataIndTextileclothingGet,138,2015-01-31,2026-06-30,63,True
2120713688,EcoDataIndTextileclothingGet,138,2015-01-31,2026-06-30,63,True
2120713966,EcoDataIndTextileclothingGet,138,2015-01-31,2026-06-30,63,True
2120713968,EcoDataIndTextileclothingGet,138,2015-01-31,2026-06-30,63,True
2120714134,EcoDataIndTextileclothingGet,138,2015-01-31,2026-06-30,63,True
2120714136,EcoDataIndTextileclothingGet,138,2015-01-31,2026-06-30,63,True
2120714848,EcoDataIndTextileclothingGet,138,2015-01-31,2026-06-30,63,True
2120714850,EcoDataIndTextileclothingGet,138,2015-01-31,2026-06-30,63,True
2120714876,EcoDataIndTextileclothingGet,138,2015-01-31,2026-06-30,63,True
2120714878,EcoDataIndTextileclothingGet,138,2015-01-31,2026-06-30,63,True
2120714918,EcoDataIndTextileclothingGet,138,2015-01-31,2026-06-30,63,True
2120714920,EcoDataIndTextileclothingGet,138,2015-01-31,2026-06-30,63,True
2120715750,EcoDataIndTextileclothingGet,138,2015-01-31,2026-06-30,63,True
2120715752,EcoDataIndTextileclothingGet,138,2015-01-31,2026-06-30,63,True
2120715757,EcoDataIndTextileclothingGet,138,2015-01-31,2026-06-30,63,True
2120715759,EcoDataIndTextileclothingGet,138,2015-01-31,2026-06-30,63,True
2120734568,EcoDataIndTextileclothingGet,126,2016-01-31,2026-06-30,62,True
2120734728,EcoDataIndTextileclothingGet,126,2016-01-31,2026-06-30,62,True
2160004306,EcoDataIndTraffictransportGet,597,2015-01-07,2026-08-05,597,True
2160004307,EcoDataIndTraffictransportGet,597,2015-01-07,2026-08-05,597,True
2160004309,EcoDataIndTraffictransportGet,597,2015-01-07,2026-08-05,597,True
2160004310,EcoDataIndTraffictransportGet,597,2015-01-07,2026-08-05,597,True
2160004311,EcoDataIndTraffictransportGet,597,2015-01-07,2026-08-05,597,True
2160004312,EcoDataIndTraffictransportGet,597,2015-01-07,2026-08-05,597,True
2160004313,EcoDataIndTraffictransportGet,597,2015-01-07,2026-08-05,597,True
2160004314,EcoDataIndTraffictransportGet,597,2015-01-07,2026-08-05,597,True
2160004812,EcoDataIndTraffictransportGet,597,2015-01-07,2026-08-05,597,True
2160004825,EcoDataIndTraffictransportGet,597,2015-01-07,2026-08-05,597,True
2160004957,EcoDataIndTraffictransportGet,597,2015-01-07,2026-08-05,597,True
2160004973,EcoDataIndTraffictransportGet,597,2015-01-07,2026-08-05,597,True
2160005438,EcoDataIndTraffictransportGet,597,2015-01-07,2026-08-05,597,True
2160005442,EcoDataIndTraffictransportGet,597,2015-01-07,2026-08-05,597,True
2160029351,EcoDataIndTraffictransportGet,109,2015-02-28,2026-03-31,109,True
2160029358,EcoDataIndTraffictransportGet,109,2015-02-28,2026-03-31,18,True
2160029360,EcoDataIndTraffictransportGet,109,2015-02-28,2026-03-31,18,True
2160606442,EcoDataIndTraffictransportGet,2383,2016-02-05,2026-08-12,2383,True
2160606445,EcoDataIndTraffictransportGet,2382,2016-02-05,2026-08-12,2378,True
2160606446,EcoDataIndTraffictransportGet,2384,2016-02-05,2026-08-12,2380,True
2160606447,EcoDataIndTraffictransportGet,2384,2016-02-05,2026-08-12,2380,True
2160606454,EcoDataIndTraffictransportGet,2770,2015-01-04,2026-08-12,1418,True
2160606455,EcoDataIndTraffictransportGet,2770,2015-01-04,2026-08-12,1418,True
2160606456,EcoDataIndTraffictransportGet,2769,2015-01-04,2026-08-12,1418,True
2160606459,EcoDataIndTraffictransportGet,2770,2015-01-04,2026-08-12,1418,True
2160606460,EcoDataIndTraffictransportGet,2769,2015-01-04,2026-08-12,1418,True
2160606461,EcoDataIndTraffictransportGet,2770,2015-01-04,2026-08-12,1418,True
2160606468,EcoDataIndTraffictransportGet,2769,2015-01-04,2026-08-12,1418,True
2160606470,EcoDataIndTraffictransportGet,2768,2015-01-04,2026-08-12,2761,True
2160606474,EcoDataIndTraffictransportGet,2767,2015-01-04,2026-08-12,2762,True
2160606526,EcoDataIndTraffictransportGet,2672,2015-01-05,2026-08-12,2657,True
2160606527,EcoDataIndTraffictransportGet,2796,2015-01-04,2026-08-12,2777,True
2160606528,EcoDataIndTraffictransportGet,2793,2015-01-04,2026-08-12,2777,True
2160712475,EcoDataIndTraffictransportGet,138,2015-01-31,2026-06-30,0,True
2160712477,EcoDataIndTraffictransportGet,138,2015-01-31,2026-06-30,0,True
